,,,,,,,,total,train,val
0.4,0.8,0.7000000000000001,0.7000000000000001,0.9,0.4,0.8,0.7000000000000001,0.8807648328767924,0.9135054232512495,0.7615610877231046
0.7000000000000001,0.8,0.8,0.5,0.9,0.4,0.5,0.5,0.8800815932116056,0.9128523866699854,0.7607403713401488
0.7000000000000001,0.6000000000000001,0.8,0.4,0.9,0.4,0.7000000000000001,0.7000000000000001,0.878716331971794,0.9113811673579705,0.7597656433345217
0.4,0.8,0.8,0.8,0.5,0.4,0.9,0.5,0.8770776599538562,0.9093867383439254,0.759510031690819
0.6000000000000001,0.8,0.7000000000000001,0.9,0.4,0.4,0.7000000000000001,0.7000000000000001,0.8771028650326569,0.9096274725048156,0.7592814509961813
0.5,0.8,0.7000000000000001,0.8,0.7000000000000001,0.4,0.4,0.7000000000000001,0.8785584909207631,0.9113108708285694,0.7592537744152379
0.4,0.9,0.9,0.5,0.8,0.4,0.8,0.8,0.8782204846492643,0.910941843081653,0.7590316099900075
0.7000000000000001,0.4,0.9,0.4,0.9,0.4,0.8,0.8,0.8762830582801185,0.9086701507816892,0.7587904970058625
0.4,0.8,0.6000000000000001,0.4,0.9,0.4,0.7000000000000001,0.8,0.8797730133383828,0.9129936122666458,0.7586250432490221
0.5,0.8,0.8,0.5,0.4,0.8,0.8,0.7000000000000001,0.876203859985629,0.9086680899566301,0.7586020290014178
0.6000000000000001,0.4,0.7000000000000001,0.5,0.8,0.4,0.5,0.5,0.8733078996551961,0.9050320664704581,0.7583944762816637
0.7000000000000001,0.8,0.8,0.9,0.7000000000000001,0.4,0.7000000000000001,0.7000000000000001,0.8799708864890766,0.913304508935108,0.7583756485030488
0.5,0.6000000000000001,0.9,0.4,0.9,0.4,0.4,0.8,0.8767484396129763,0.9092750117936189,0.7583028064232339
0.5,0.9,0.8,0.6000000000000001,0.8,0.4,0.9,0.5,0.8787421378919879,0.9118401357149006,0.7580594289204573
0.7000000000000001,0.8,0.9,0.6000000000000001,0.7000000000000001,0.4,0.4,0.6000000000000001,0.8785463325836905,0.9116156476318024,0.7579735789721374
0.5,0.8,0.8,0.6000000000000001,0.5,0.6000000000000001,0.6000000000000001,0.8,0.8781636847236952,0.9111402655732628,0.7579525350316848
0.5,0.6000000000000001,0.8,0.4,0.7000000000000001,0.4,0.7000000000000001,0.8,0.8758593376517199,0.9082683504004374,0.7578622567759884
0.7000000000000001,0.8,0.8,0.5,0.8,0.7000000000000001,0.4,0.6000000000000001,0.8789807512891776,0.9122120616691991,0.7577706119281683
0.7000000000000001,0.6000000000000001,0.8,0.8,0.4,0.4,0.7000000000000001,0.7000000000000001,0.8754339978848013,0.9079451726022661,0.7576256107903246
0.7000000000000001,0.8,0.7000000000000001,0.4,0.4,0.5,0.5,0.7000000000000001,0.8766893179478886,0.9095262191641487,0.757608642420745
0.5,0.7000000000000001,0.7000000000000001,0.8,0.8,0.4,0.5,0.5,0.8780273031671925,0.911078563957327,0.7575141073334878
0.4,0.5,0.9,0.5,0.8,0.4,0.8,0.5,0.8741654508689531,0.9062519867222256,0.7574169632632277
0.4,0.6000000000000001,0.7000000000000001,0.4,0.7000000000000001,0.4,0.7000000000000001,0.8,0.8754840443058243,0.9079997874066524,0.7570508885254095
0.6000000000000001,0.4,0.7000000000000001,0.4,0.8,0.6000000000000001,0.6000000000000001,0.7000000000000001,0.8753716655556748,0.9079671794252717,0.7570231897184734
0.4,0.7000000000000001,0.7000000000000001,0.5,0.7000000000000001,0.4,0.6000000000000001,0.7000000000000001,0.876413287590815,0.9091892164734995,0.7569620531533408
0.4,0.7000000000000001,0.9,0.6000000000000001,0.8,0.4,0.7000000000000001,0.5,0.8771449724508683,0.9101161218933596,0.756930701746363
0.6000000000000001,0.8,0.8,0.9,0.4,0.6000000000000001,0.4,0.6000000000000001,0.8772697757465413,0.9104436247579714,0.7568554665460026
0.5,0.8,0.8,0.9,0.8,0.7000000000000001,0.8,0.8,0.8803545931797094,0.9141772596430532,0.7568125378242052
0.6000000000000001,0.6000000000000001,0.9,0.4,0.8,0.4,0.9,0.4,0.8752725221500605,0.9078167431910722,0.7567202955319403
0.5,0.6000000000000001,0.7000000000000001,0.8,0.4,0.4,0.9,0.7000000000000001,0.8743260152549615,0.9067904881117077,0.7566774116367784
0.4,0.4,0.9,0.5,0.7000000000000001,0.4,0.7000000000000001,0.7000000000000001,0.8728130526696156,0.90484099259116,0.7566724674322816
0.4,0.8,0.8,0.9,0.5,0.5,0.5,0.8,0.8770859860193061,0.9101263332695172,0.7565934853904673
0.7000000000000001,0.4,0.9,0.8,0.8,0.4,0.6000000000000001,0.5,0.8751502485239404,0.9078070102569743,0.7565513808175838
0.6000000000000001,0.5,0.8,0.5,0.9,0.4,0.7000000000000001,0.9,0.8764086943985205,0.909317271838082,0.7564267537044572
0.4,0.8,0.6000000000000001,0.4,0.7000000000000001,0.4,0.4,0.8,0.8767296689343631,0.9097586034714268,0.7562741284975077
0.6000000000000001,0.7000000000000001,0.8,0.4,0.8,0.7000000000000001,0.5,0.6000000000000001,0.8793087298896155,0.9130237777220735,0.7561716401969196
0.5,0.9,0.9,0.5,0.5,0.4,0.5,0.4,0.8750184471938418,0.9076622685647172,0.7560616223061163
0.5,0.8,0.9,0.7000000000000001,0.5,0.5,0.7000000000000001,0.8,0.8766247346906153,0.9096855432451908,0.7560391388119124
0.6000000000000001,0.6000000000000001,0.9,0.5,0.9,0.4,0.9,0.5,0.8766354585361331,0.909716096967603,0.7559708047070609
0.4,0.8,0.7000000000000001,0.8,0.6000000000000001,0.4,0.4,0.9,0.8763174590135485,0.9093245893379428,0.7559390815268612
0.7000000000000001,0.9,0.8,0.5,0.9,0.5,0.5,0.6000000000000001,0.8805022269344389,0.9145863391973301,0.7559179892040295
0.5,0.7000000000000001,0.9,0.6000000000000001,0.6000000000000001,0.4,0.7000000000000001,0.7000000000000001,0.8762467148832194,0.9092632348444593,0.7558290533825566
0.4,0.6000000000000001,0.7000000000000001,0.6000000000000001,0.7000000000000001,0.4,0.4,0.8,0.875065204872839,0.90779751632904,0.7557555600750058
0.6000000000000001,0.7000000000000001,0.8,0.8,0.5,0.5,0.8,0.6000000000000001,0.877102614517919,0.9103604296640588,0.7557406478785037
0.4,0.8,0.7000000000000001,0.5,0.6000000000000001,0.7000000000000001,0.8,0.7000000000000001,0.8770142200628891,0.9102498694006709,0.7557387606945876
0.4,0.9,0.8,0.6000000000000001,0.5,0.6000000000000001,0.5,0.6000000000000001,0.8781647110595926,0.9117255055120166,0.7556167319887392
0.6000000000000001,0.9,0.8,0.8,0.5,0.5,0.5,0.6000000000000001,0.8782914134501567,0.9118938948003865,0.7555797770902883
0.4,0.8,0.9,0.4,0.9,0.7000000000000001,0.4,0.4,0.8790553582490265,0.9128677315560308,0.7555227868620331
0.4,0.6000000000000001,0.9,0.4,0.8,0.8,0.8,0.7000000000000001,0.8765366642297578,0.9097062986642056,0.7555136167715452
0.6000000000000001,0.8,0.7000000000000001,0.7000000000000001,0.9,0.8,0.7000000000000001,0.4,0.8804239941855871,0.9145905673495713,0.7555080047349811
0.6000000000000001,0.4,0.7000000000000001,0.4,0.8,0.9,0.8,0.8,0.8744902916250866,0.9072513662499038,0.755458075841868
0.7000000000000001,0.6000000000000001,0.7000000000000001,0.8,0.7000000000000001,0.4,0.4,0.6000000000000001,0.8766893917500154,0.9099146428835657,0.7554476025568618
0.7000000000000001,0.5,0.7000000000000001,0.5,0.7000000000000001,0.4,0.9,0.6000000000000001,0.8750937846911228,0.9079453070221007,0.7553079934629192
0.4,0.9,0.7000000000000001,0.9,0.7000000000000001,0.4,0.4,0.6000000000000001,0.8780862071926343,0.9117055790009384,0.7553020039697977
0.4,0.6000000000000001,0.7000000000000001,0.8,0.9,0.5,0.8,0.7000000000000001,0.8783251169873217,0.9120259571731533,0.7552208673225387
0.6000000000000001,0.8,0.7000000000000001,0.7000000000000001,0.6000000000000001,0.8,0.6000000000000001,0.6000000000000001,0.878313111431425,0.912012902077879,0.7552127671057164
0.5,0.9,0.8,0.5,0.9,0.8,0.8,0.5,0.8799250813649098,0.9140388548976934,0.7552081218337238
0.4,0.8,0.9,0.5,0.6000000000000001,0.6000000000000001,0.9,0.6000000000000001,0.8769296555443872,0.9102872333095137,0.7551644199174752
0.7000000000000001,0.9,0.9,0.8,0.4,0.4,0.6000000000000001,0.5,0.8770144549120913,0.9105485964487232,0.75515274827332
0.6000000000000001,0.5,0.7000000000000001,0.7000000000000001,0.7000000000000001,0.4,0.9,0.6000000000000001,0.8757445093355319,0.9088042989365521,0.7551415203599509
0.5,0.8,0.9,0.9,0.5,0.8,0.7000000000000001,0.7000000000000001,0.8778817531986199,0.9114913307415815,0.7551317403543726
0.6000000000000001,0.7000000000000001,0.8,0.5,0.8,0.9,0.4,0.6000000000000001,0.8768457239152072,0.9102039066436579,0.7550760213220925
0.5,0.8,0.8,0.7000000000000001,0.6000000000000001,0.9,0.4,0.7000000000000001,0.8766940858841558,0.9100432361260362,0.7549568147487586
0.6000000000000001,0.7000000000000001,0.6000000000000001,0.6000000000000001,0.9,0.4,0.5,0.6000000000000001,0.8792949693714878,0.9133282244149827,0.7548847152122512
0.5,0.8,0.7000000000000001,0.9,0.4,0.6000000000000001,0.9,0.8,0.8771647928709966,0.9108124405878615,0.7548527282907782
0.5,0.7000000000000001,0.6000000000000001,0.8,0.9,0.4,0.4,0.6000000000000001,0.8786807880471041,0.9125659914760406,0.7548477603138002
0.7000000000000001,0.4,0.9,0.8,0.8,0.6000000000000001,0.8,0.6000000000000001,0.8767177393338035,0.910216330664005,0.7547897847219422
0.5,0.6000000000000001,0.7000000000000001,0.5,0.8,0.8,0.6000000000000001,0.8,0.8760626812669732,0.9092930404930647,0.754785174082118
0.5,0.7000000000000001,0.9,0.6000000000000001,0.8,0.5,0.7000000000000001,0.7000000000000001,0.8776299086825927,0.9112648344819506,0.75477236026359
0.6000000000000001,0.6000000000000001,0.8,0.7000000000000001,0.5,0.4,0.7000000000000001,0.9,0.8744192846909663,0.9072342180331736,0.7547633981983304
0.5,0.4,0.8,0.5,0.5,0.5,0.4,0.5,0.8697767100256488,0.9015161275660116,0.7547161571753822
0.4,0.8,0.9,0.6000000000000001,0.8,0.9,0.6000000000000001,0.5,0.878141883663497,0.9119256085573009,0.7547016260613649
0.7000000000000001,0.5,0.8,0.5,0.4,0.6000000000000001,0.4,0.7000000000000001,0.8730695716195758,0.9057231776420954,0.7546337903715824
0.5,0.7000000000000001,0.8,0.9,0.8,0.8,0.7000000000000001,0.7000000000000001,0.8790614421161081,0.9130986591897422,0.7546296440495985
0.6000000000000001,0.8,0.5,0.7000000000000001,0.5,0.4,0.8,0.7000000000000001,0.8758981027561606,0.9091348170337239,0.7545911612553985
0.5,0.9,0.9,0.5,0.9,0.8,0.5,0.7000000000000001,0.880311999387784,0.914684117802194,0.7545710973550397
0.5,0.8,0.7000000000000001,0.6000000000000001,0.7000000000000001,0.7000000000000001,0.7000000000000001,0.8,0.879208612541101,0.9132987222502866,0.7545688334549462
0.7000000000000001,0.6000000000000001,0.7000000000000001,0.5,0.9,0.5,0.5,0.7000000000000001,0.8774438248473062,0.9110902615004928,0.7545356943828587
0.5,0.8,0.4,0.5,0.5,0.4,0.9,0.8,0.8739668316819091,0.9067338144310816,0.7544917121221674
0.7000000000000001,0.8,0.8,0.6000000000000001,0.7000000000000001,0.7000000000000001,0.9,0.7000000000000001,0.8801073469700633,0.9144534067408451,0.7544656879894492
0.5,0.7000000000000001,0.8,0.4,0.6000000000000001,0.6000000000000001,0.9,0.7000000000000001,0.8771621989847693,0.9107540276033205,0.7544656317353868
0.5,0.7000000000000001,0.7000000000000001,0.6000000000000001,0.4,0.6000000000000001,0.6000000000000001,0.6000000000000001,0.8759650510474433,0.909423425365961,0.7543808180649176
0.6000000000000001,0.4,0.7000000000000001,0.4,0.4,0.9,0.8,0.8,0.8716276526177882,0.9040755032779071,0.7543608215289572
0.5,0.5,0.8,0.4,0.9,0.7000000000000001,0.7000000000000001,0.5,0.8770563638756158,0.910668035469773,0.7542778433796844
0.4,0.6000000000000001,0.8,0.6000000000000001,0.4,0.6000000000000001,0.9,0.7000000000000001,0.8744858545291406,0.9075956693746892,0.7542597814746297
0.7000000000000001,0.7000000000000001,0.8,0.9,0.9,0.4,0.7000000000000001,0.9,0.8801062615230991,0.9145041745055488,0.7542571632214974
0.7000000000000001,0.5,0.9,0.4,0.9,0.8,0.8,0.8,0.8781322710826082,0.9120690446153102,0.7540795844716905
0.4,0.5,0.9,0.9,0.6000000000000001,0.4,0.5,0.6000000000000001,0.8742695027091777,0.9072209337615879,0.7540639721566621
0.5,0.9,0.8,0.7000000000000001,0.9,0.6000000000000001,0.4,0.4,0.8797536505085908,0.9141125031970637,0.7540521931142494
0.6000000000000001,0.7000000000000001,0.7000000000000001,0.5,0.6000000000000001,0.5,0.8,0.6000000000000001,0.875499718871619,0.9087700240896258,0.7540486969289715
0.6000000000000001,0.9,0.9,0.8,0.5,0.8,0.8,0.7000000000000001,0.8789194486169721,0.9130683435872375,0.7540374757078606
0.5,0.5,0.9,0.8,0.7000000000000001,0.4,0.4,0.5,0.8744461583794979,0.907474817401681,0.7539360246227774
0.7000000000000001,0.4,0.7000000000000001,0.4,0.5,0.6000000000000001,0.4,0.5,0.8719889681606539,0.9044917324908631,0.7539289856664911
0.6000000000000001,0.9,0.7000000000000001,0.5,0.8,0.7000000000000001,0.8,0.5,0.8786829947144105,0.9128000435243752,0.7539226392781466
0.6000000000000001,0.9,0.9,0.8,0.8,0.6000000000000001,0.9,0.8,0.8809717231148221,0.9156855848775791,0.7538799385113012
0.4,0.8,0.7000000000000001,0.7000000000000001,0.6000000000000001,0.6000000000000001,0.5,0.4,0.8767135142904817,0.9103445620734618,0.7538491268542562
0.7000000000000001,0.8,0.7000000000000001,0.7000000000000001,0.8,0.5,0.4,0.9,0.8778265142972146,0.9117435001553089,0.7538455209021584
0.5,0.9,0.9,0.9,0.8,0.6000000000000001,0.7000000000000001,0.6000000000000001,0.8803442244690581,0.9149123978672913,0.7538198884786143
0.4,0.5,0.7000000000000001,0.8,0.5,0.8,0.8,0.8,0.8749714909130999,0.908168966070204,0.7537989056053187
0.5,0.7000000000000001,0.9,0.4,0.9,0.6000000000000001,0.6000000000000001,0.4,0.8790464891985886,0.9132894387115196,0.7537913966695855
0.6000000000000001,0.8,0.8,0.8,0.5,0.7000000000000001,0.5,0.9,0.8783046357113773,0.9123652975741678,0.7537605997954431
0.5,0.6000000000000001,0.9,0.7000000000000001,0.9,0.5,0.6000000000000001,0.6000000000000001,0.8775532081608987,0.9114446124796128,0.7536678749200392
0.5,0.9,0.9,0.4,0.5,0.5,0.7000000000000001,0.4,0.8756026063552234,0.909009091684548,0.7536093734181235
0.5,0.9,0.9,0.6000000000000001,0.4,0.5,0.6000000000000001,0.8,0.8759291416587645,0.9095801824827883,0.7535733668154659
0.5,0.8,0.4,0.4,0.8,0.6000000000000001,0.5,0.6000000000000001,0.8778184471026186,0.9118061614727417,0.7535543428986035
0.4,0.9,0.9,0.5,0.8,0.8,0.5,0.5,0.8777910154977439,0.9117839299628798,0.753505441850144
0.5,0.7000000000000001,0.7000000000000001,0.6000000000000001,0.9,0.7000000000000001,0.4,0.8,0.8793259513439314,0.9137170837684155,0.7534849433186027
0.6000000000000001,0.4,0.4,0.4,0.4,0.4,0.7000000000000001,0.7000000000000001,0.86964915055698,0.9018110734380043,0.7534777744367044
0.5,0.4,0.5,0.5,0.9,0.4,0.6000000000000001,0.6000000000000001,0.8732956640992863,0.9062571709084346,0.7534325823220167
0.5,0.7000000000000001,0.7000000000000001,0.7000000000000001,0.9,0.5,0.8,0.4,0.8780081846612258,0.912075786806457,0.7534291571021104
0.4,0.6000000000000001,0.7000000000000001,0.7000000000000001,0.8,0.6000000000000001,0.6000000000000001,0.5,0.8764162256915906,0.9100905092971068,0.7533716440237833
0.5,0.9,0.9,0.6000000000000001,0.9,0.6000000000000001,0.8,0.4,0.8804360920001384,0.9151419885794285,0.753363103956956
0.7000000000000001,0.8,0.6000000000000001,0.7000000000000001,0.9,0.4,0.5,0.9,0.8797859425074923,0.9143317345353743,0.7533375153652438
0.4,0.9,0.8,0.7000000000000001,0.8,0.7000000000000001,0.6000000000000001,0.4,0.8786622122899194,0.9129277140443438,0.7533075381874139
0.4,0.4,0.7000000000000001,0.9,0.9,0.5,0.8,0.5,0.8750271735989213,0.9084791459259867,0.7532444616889986
0.5,0.7000000000000001,0.7000000000000001,0.4,0.8,0.6000000000000001,0.4,0.9,0.8771452076612234,0.9110447910574524,0.7532172068786047
0.4,0.9,0.9,0.8,0.4,0.7000000000000001,0.8,0.6000000000000001,0.8775659137223124,0.9117349142127015,0.7531782214833954
0.7000000000000001,0.5,0.8,0.4,0.9,0.7000000000000001,0.5,0.4,0.8772704948436548,0.9112145589397385,0.7531676270465553
0.7000000000000001,0.8,0.9,0.6000000000000001,0.5,0.9,0.4,0.5,0.8761400108162445,0.9098263742930162,0.7530403727152357
0.5,0.8,0.6000000000000001,0.8,0.8,0.5,0.4,0.5,0.8770151578606852,0.910926929833177,0.7530352308266606
0.4,0.5,0.8,0.8,0.5,0.9,0.4,0.8,0.8737121503117159,0.906781955362264,0.7530195298057349
0.7000000000000001,0.4,0.9,0.4,0.6000000000000001,0.5,0.7000000000000001,0.8,0.8725563153684186,0.905441607693153,0.7529800586329293
0.4,0.9,0.4,0.5,0.4,0.4,0.8,0.7000000000000001,0.8732916378839347,0.9064379049834658,0.752890628578246
0.7000000000000001,0.9,0.9,0.4,0.5,0.5,0.6000000000000001,0.4,0.8763108268958367,0.9100857618665349,0.752861069064966
0.4,0.5,0.8,0.5,0.9,0.6000000000000001,0.7000000000000001,0.9,0.8764847852586686,0.9103081254114956,0.7528456495861812
0.6000000000000001,0.6000000000000001,0.7000000000000001,0.6000000000000001,0.8,0.6000000000000001,0.9,0.4,0.8764912809998575,0.9103335665142018,0.7527765223140123
0.6000000000000001,0.8,0.6000000000000001,0.5,0.6000000000000001,0.5,0.6000000000000001,0.7000000000000001,0.8756918383557375,0.9093349743489638,0.7527541791532888
0.7000000000000001,0.8,0.8,0.9,0.8,0.7000000000000001,0.4,0.9,0.8793849673327724,0.9139762631126223,0.7527447453003414
0.7000000000000001,0.4,0.9,0.9,0.9,0.5,0.4,0.6000000000000001,0.8756880505834714,0.9094401566238945,0.752720922770961
0.5,0.6000000000000001,0.7000000000000001,0.5,0.7000000000000001,0.6000000000000001,0.9,0.6000000000000001,0.8757535352623443,0.9094321668710317,0.7526753984006506
0.4,0.9,0.9,0.8,0.6000000000000001,0.4,0.4,0.9,0.876341066374493,0.9101783922704817,0.7526424823907198
0.4,0.8,0.4,0.9,0.6000000000000001,0.4,0.8,0.7000000000000001,0.875525564101941,0.9091616634663569,0.7526119959451297
0.4,0.8,0.7000000000000001,0.9,0.7000000000000001,0.8,0.6000000000000001,0.4,0.877996450515347,0.9122712159285413,0.7525884836856986
0.5,0.6000000000000001,0.7000000000000001,0.5,0.5,0.8,0.6000000000000001,0.4,0.8728568058754634,0.9058229172909156,0.7525580978504463
0.6000000000000001,0.6000000000000001,0.7000000000000001,0.6000000000000001,0.7000000000000001,0.5,0.6000000000000001,0.8,0.8761076420650834,0.9099131066393978,0.7525308100921676
0.6000000000000001,0.7000000000000001,0.9,0.8,0.9,0.6000000000000001,0.4,0.4,0.8793703421434956,0.9140116009919645,0.7525299111246561
0.5,0.6000000000000001,0.6000000000000001,0.4,0.8,0.5,0.4,0.7000000000000001,0.874119523383785,0.9074221726186092,0.7525054620692865
0.7000000000000001,0.9,0.8,0.7000000000000001,0.9,0.7000000000000001,0.4,0.5,0.8807542661022614,0.9157599704908009,0.7524898071660354
0.5,0.6000000000000001,0.9,0.7000000000000001,0.8,0.7000000000000001,0.4,0.8,0.8761560789145484,0.9100155002127569,0.7523646014326297
0.6000000000000001,0.9,0.8,0.8,0.6000000000000001,0.8,0.5,0.5,0.8785870385190083,0.9130713497932426,0.7523552928306559
0.4,0.4,0.9,0.8,0.4,0.5,0.6000000000000001,0.4,0.8704474790641635,0.9031044285411394,0.7523154679870854
0.6000000000000001,0.5,0.9,0.4,0.8,0.9,0.6000000000000001,0.4,0.8745903065088871,0.9080690808142655,0.7522832274274185
0.7000000000000001,0.7000000000000001,0.9,0.5,0.7000000000000001,0.4,0.7000000000000001,0.9,0.8763536751634196,0.9102862683192186,0.7522743296718435
0.7000000000000001,0.5,0.7000000000000001,0.5,0.5,0.5,0.5,0.4,0.8720824052169718,0.9049292319820826,0.7522419479723806
0.5,0.7000000000000001,0.6000000000000001,0.7000000000000001,0.4,0.4,0.8,0.4,0.8730385009870316,0.9062876661694672,0.7522197252790684
0.7000000000000001,0.5,0.9,0.7000000000000001,0.4,0.6000000000000001,0.5,0.6000000000000001,0.8744506909590727,0.9080634157135019,0.7522121206209892
0.4,0.8,0.9,0.7000000000000001,0.6000000000000001,0.7000000000000001,0.7000000000000001,0.4,0.876480595424707,0.9104632267817624,0.7522041927442343
0.4,0.5,0.8,0.8,0.7000000000000001,0.6000000000000001,0.4,0.5,0.8753540543698013,0.9090483262189976,0.7522036131096691
0.6000000000000001,0.7000000000000001,0.9,0.6000000000000001,0.5,0.9,0.5,0.7000000000000001,0.8763020832110006,0.9102494311294373,0.7521624603285699
0.7000000000000001,0.8,0.9,0.9,0.7000000000000001,0.6000000000000001,0.7000000000000001,0.5,0.8796199900454276,0.9144268693575561,0.7521231661451669
0.4,0.8,0.5,0.4,0.9,0.6000000000000001,0.9,0.8,0.8794178974341945,0.9141875837068257,0.7520649166038438
0.6000000000000001,0.8,0.4,0.8,0.9,0.6000000000000001,0.4,0.6000000000000001,0.879735134697669,0.9145927000027867,0.7520383752316037
0.4,0.7000000000000001,0.7000000000000001,0.7000000000000001,0.4,0.8,0.5,0.5,0.8746065445060126,0.9083073402350256,0.7520194915756176
0.4,0.8,0.6000000000000001,0.7000000000000001,0.5,0.7000000000000001,0.5,0.7000000000000001,0.8766477457532285,0.9107196267261843,0.7520184214464348
0.7000000000000001,0.4,0.7000000000000001,0.5,0.4,0.9,0.9,0.6000000000000001,0.8711251144618194,0.9040437256682081,0.7519629841597153
0.6000000000000001,0.6000000000000001,0.9,0.9,0.8,0.7000000000000001,0.4,0.6000000000000001,0.8770531896648799,0.9112575313776008,0.7519039112749193
0.5,0.6000000000000001,0.7000000000000001,0.6000000000000001,0.4,0.8,0.5,0.4,0.8729388130309208,0.9062525205935876,0.751859436388469
0.4,0.4,0.7000000000000001,0.4,0.7000000000000001,0.6000000000000001,0.8,0.9,0.8734148761192343,0.9068046470028484,0.7518416456543442
0.7000000000000001,0.5,0.7000000000000001,0.8,0.4,0.9,0.8,0.8,0.8744181061374114,0.9081194959168877,0.7518240809473918
0.7000000000000001,0.8,0.8,0.9,0.6000000000000001,0.9,0.7000000000000001,0.4,0.8773339340612195,0.9116333579948065,0.7518111742120969
0.4,0.7000000000000001,0.7000000000000001,0.5,0.6000000000000001,0.7000000000000001,0.9,0.7000000000000001,0.8756253258962983,0.9094921928883103,0.7517911204435973
0.6000000000000001,0.4,0.8,0.9,0.4,0.9,0.8,0.5,0.8717913703614575,0.9049245535327768,0.7517872023435247
0.5,0.6000000000000001,0.9,0.8,0.9,0.7000000000000001,0.9,0.8,0.8790426099183877,0.9137898928947394,0.7517700889191112
0.8,0.8,0.8,0.9,0.5,0.4,0.8,0.6000000000000001,0.8767507199477705,0.9109112745287621,0.7517692127745538
0.5,0.4,0.6000000000000001,0.7000000000000001,0.5,0.4,0.9,0.5,0.8705877262493416,0.9032727240769474,0.75176463313361
0.6000000000000001,0.6000000000000001,0.9,0.4,0.5,0.9,0.7000000000000001,0.5,0.8737174164177204,0.9071039864690476,0.7517578643502336
0.4,0.6000000000000001,0.7000000000000001,0.8,0.7000000000000001,0.8,0.9,0.6000000000000001,0.8769491490655951,0.9111642591844579,0.7517542594754745
0.5,0.4,0.9,0.5,0.5,0.9,0.7000000000000001,0.5,0.8705892302807288,0.9032809562766619,0.75173926117538
0.7000000000000001,0.4,0.9,0.9,0.4,0.8,0.7000000000000001,0.7000000000000001,0.873035209920606,0.906499371009508,0.7517374677825646
0.6000000000000001,0.4,0.8,0.9,0.7000000000000001,0.6000000000000001,0.9,0.8,0.8754500500204979,0.9093906367962825,0.751723194374761
0.6000000000000001,0.4,0.6000000000000001,0.7000000000000001,0.8,0.5,0.8,0.8,0.8736657090551656,0.9071505109733484,0.7517184723284874
0.6000000000000001,0.7000000000000001,0.4,0.8,0.8,0.4,0.4,0.5,0.8755241594331169,0.9093916363142543,0.7516850469492034
0.7000000000000001,0.9,0.8,0.8,0.5,0.5,0.4,0.9,0.8768729713728134,0.9111102430260528,0.7515875776526794
0.4,0.7000000000000001,0.8,0.4,0.7000000000000001,0.9,0.9,0.5,0.8765325847173661,0.9107077001501052,0.7514875137656862
0.7000000000000001,0.4,0.5,0.8,0.8,0.4,0.9,0.8,0.8740042473669071,0.9076417560179901,0.7514544407406216
0.5,0.4,0.5,0.8,0.9,0.4,0.5,0.5,0.8741411520979709,0.9078148225437948,0.7514500374325044
0.5,0.4,0.9,0.8,0.4,0.7000000000000001,0.6000000000000001,0.5,0.8720353268196355,0.9053169308417566,0.7514434255560112
0.4,0.6000000000000001,0.9,0.5,0.7000000000000001,0.7000000000000001,0.8,0.8,0.8754498835501664,0.9093602828941189,0.7514372696080907
0.4,0.6000000000000001,0.9,0.9,0.4,0.7000000000000001,0.8,0.7000000000000001,0.8744403296638383,0.9082676584839581,0.7513430903484756
0.5,0.4,0.9,0.8,0.6000000000000001,0.9,0.7000000000000001,0.6000000000000001,0.8732582284278428,0.9067351486680358,0.7513325798612364
0.5,0.9,0.9,0.7000000000000001,0.8,0.9,0.5,0.4,0.8778022836894807,0.91236179915446,0.7512505808764512
0.5,0.7000000000000001,0.9,0.5,0.6000000000000001,0.5,0.7000000000000001,0.4,0.8736014848376212,0.907089973537772,0.7512314305753246
0.5,0.9,0.9,0.9,0.8,0.7000000000000001,0.8,0.4,0.8789248246969804,0.913777638650498,0.7512273069787619
0.4,0.8,0.6000000000000001,0.6000000000000001,0.6000000000000001,0.7000000000000001,0.7000000000000001,0.7000000000000001,0.8770061407799289,0.9113678958366901,0.7512260614800279
0.6000000000000001,0.9,0.9,0.6000000000000001,0.8,0.8,0.5,0.9,0.8793362305522573,0.9143072223189794,0.7511760358703746
0.6000000000000001,0.4,0.6000000000000001,0.5,0.4,0.5,0.7000000000000001,0.8,0.8698290224314252,0.9026216411488163,0.751139250084571
0.7000000000000001,0.6000000000000001,0.6000000000000001,0.5,0.8,0.5,0.4,0.6000000000000001,0.874283583231179,0.9079730502528134,0.7511262522291342
0.4,0.7000000000000001,0.9,0.4,0.7000000000000001,0.7000000000000001,0.8,0.4,0.8766351634106518,0.9109340170131808,0.7510976416991604
0.7000000000000001,0.6000000000000001,0.8,0.8,0.7000000000000001,0.8,0.4,0.5,0.8765524996091442,0.9108347440733643,0.7510793982606074
0.7000000000000001,0.7000000000000001,0.6000000000000001,0.7000000000000001,0.7000000000000001,0.4,0.9,0.7000000000000001,0.8771747485490777,0.9116167159402124,0.7510779322962969
0.5,0.9,0.6000000000000001,0.8,0.5,0.4,0.7000000000000001,0.9,0.8762625749050422,0.9104794166659596,0.7510440130354696
0.5,0.9,0.9,0.7000000000000001,0.7000000000000001,0.6000000000000001,0.7000000000000001,0.5,0.8786341421349885,0.9134666118785955,0.7510109114378268
0.6000000000000001,0.4,0.7000000000000001,0.4,0.7000000000000001,0.8,0.6000000000000001,0.9,0.8736394342864646,0.9072975773907437,0.750998191967383
0.8,0.4,0.7000000000000001,0.4,0.9,0.4,0.9,0.7000000000000001,0.8745320979676949,0.9084227598640391,0.750982552765261
0.5,0.6000000000000001,0.7000000000000001,0.9,0.4,0.9,0.7000000000000001,0.8,0.8738472407120799,0.9076237292855028,0.750938896799314
0.4,0.7000000000000001,0.6000000000000001,0.5,0.8,0.7000000000000001,0.5,0.7000000000000001,0.8766091732939219,0.9109459111104088,0.7509194808213132
0.7000000000000001,0.5,0.6000000000000001,0.5,0.7000000000000001,0.4,0.7000000000000001,0.5,0.8735505514544951,0.9071073178645774,0.750906144074836
0.5,0.9,0.9,0.6000000000000001,0.7000000000000001,0.8,0.6000000000000001,0.5,0.8783889190763635,0.9131863383373743,0.750899909259377
0.5,0.7000000000000001,0.9,0.9,0.9,0.7000000000000001,0.8,0.5,0.8797024931821305,0.914838696475792,0.750890385627365
0.6000000000000001,0.9,0.5,0.5,0.4,0.4,0.8,0.4,0.8729748396184577,0.9065432939657574,0.7508773545347315
0.5,0.8,0.5,0.6000000000000001,0.5,0.8,0.6000000000000001,0.6000000000000001,0.8758725726520818,0.9100395115755484,0.7508441098822415
0.4,0.4,0.5,0.8,0.7000000000000001,0.4,0.7000000000000001,0.6000000000000001,0.8727595748042296,0.9062333899875359,0.7508341841816691
0.4,0.6000000000000001,0.7000000000000001,0.6000000000000001,0.4,0.5,0.6000000000000001,0.9,0.8723772424500988,0.9058147514079927,0.7507889633833037
0.5,0.4,0.7000000000000001,0.9,0.7000000000000001,0.9,0.4,0.7000000000000001,0.8733321696137866,0.9069846686860751,0.7507060091623584
0.4,0.6000000000000001,0.8,0.6000000000000001,0.7000000000000001,0.9,0.4,0.5,0.8744418255120741,0.9082820778846916,0.7506852126739224
0.7000000000000001,0.6000000000000001,0.7000000000000001,0.7000000000000001,0.7000000000000001,0.7000000000000001,0.4,0.6000000000000001,0.8764888447816624,0.910873008922918,0.7506065121682165
0.4,0.9,0.4,0.4,0.7000000000000001,0.4,0.6000000000000001,0.5,0.8756643478785424,0.9098373680167918,0.750606481596558
0.5,0.7000000000000001,0.5,0.4,0.7000000000000001,0.4,0.9,0.8,0.8755386681509,0.9096811844447535,0.750599751887287
0.4,0.5,0.9,0.9,0.8,0.9,0.8,0.5,0.8752391881681558,0.9093126138228637,0.7505693300713037
0.7000000000000001,0.7000000000000001,0.8,0.9,0.6000000000000001,0.9,0.6000000000000001,0.7000000000000001,0.8774093745337324,0.9120510910989678,0.7505192841695386
0.5,0.9,0.9,0.7000000000000001,0.4,0.9,0.4,0.5,0.8745743850016685,0.9086443433486269,0.7505098972213369
0.5,0.9,0.9,0.7000000000000001,0.4,0.9,0.5,0.5,0.8753939753060753,0.9096738287309913,0.7505098972213369
0.6000000000000001,0.8,0.6000000000000001,0.6000000000000001,0.6000000000000001,0.5,0.4,0.4,0.8745326144032123,0.9084408320391187,0.7505063548751036
0.7000000000000001,0.9,0.9,0.5,0.6000000000000001,0.8,0.6000000000000001,0.4,0.8764405457590068,0.9108745576429376,0.7503576441499166
0.4,0.9,0.7000000000000001,0.7000000000000001,0.7000000000000001,0.9,0.9,0.8,0.8782308902082776,0.9131274986139432,0.7503412694500348
0.8,0.4,0.8,0.5,0.8,0.4,0.6000000000000001,0.5,0.8720206268694317,0.9054347191080349,0.7503161049053216
0.7000000000000001,0.5,0.6000000000000001,0.5,0.9,0.6000000000000001,0.9,0.6000000000000001,0.8769607435732656,0.9115527850471544,0.7502584113559105
0.6000000000000001,0.6000000000000001,0.9,0.7000000000000001,0.7000000000000001,0.5,0.5,0.5,0.8752033670643556,0.9093458580434688,0.7502563739844226
0.5,0.8,0.5,0.6000000000000001,0.8,0.8,0.4,0.5,0.8762614156282678,0.9106778190459333,0.7502445788566602
0.7000000000000001,0.7000000000000001,0.9,0.8,0.7000000000000001,0.5,0.4,0.5,0.8768130827331121,0.9113755169011434,0.7502255782552816
0.6000000000000001,0.9,0.4,0.6000000000000001,0.4,0.4,0.9,0.5,0.8738999699200962,0.9078765986971232,0.7501923512711596
0.5,0.7000000000000001,0.8,0.8,0.5,0.7000000000000001,0.9,0.9,0.8765226188135834,0.911024965817904,0.7501683785047529
0.6000000000000001,0.8,0.6000000000000001,0.6000000000000001,0.4,0.6000000000000001,0.6000000000000001,0.9,0.8758426941933113,0.9103228495391491,0.75016835278799
0.6000000000000001,0.8,0.4,0.6000000000000001,0.9,0.9,0.9,0.6000000000000001,0.8789351800582312,0.9140564645224579,0.7501640328669636
0.4,0.5,0.9,0.8,0.5,0.9,0.5,0.4,0.873019552830393,0.9066360311281065,0.7501233467142548
0.4,0.9,0.7000000000000001,0.7000000000000001,0.9,0.9,0.7000000000000001,0.9,0.8797451129611988,0.9150848406967446,0.7501199471457017
0.7000000000000001,0.4,0.4,0.7000000000000001,0.7000000000000001,0.4,0.6000000000000001,0.6000000000000001,0.8725444070827477,0.9061431064977131,0.7501142315403431
0.4,0.5,0.8,0.6000000000000001,0.7000000000000001,0.9,0.9,0.5,0.8745027307526634,0.9085120907386687,0.7500711729546332
0.5,0.8,0.6000000000000001,0.4,0.6000000000000001,0.5,0.4,0.9,0.8744968793107325,0.9085085745135972,0.7500558379271696
0.4,0.8,0.5,0.4,0.4,0.6000000000000001,0.9,0.4,0.8737977647616727,0.9077958468605767,0.7500018400164863
0.7000000000000001,0.5,0.4,0.4,0.8,0.5,0.7000000000000001,0.6000000000000001,0.8738303650101562,0.9076850502274039,0.7500011071227058
0.7000000000000001,0.7000000000000001,0.7000000000000001,0.8,0.9,0.7000000000000001,0.4,0.9,0.8799411375855393,0.9153954803076751,0.7498622929120822
0.4,0.4,0.6000000000000001,0.4,0.7000000000000001,0.9,0.8,0.6000000000000001,0.8724930984469585,0.9061442889045105,0.7498517073040656
0.5,0.4,0.9,0.5,0.5,0.9,0.7000000000000001,0.9,0.870528804250834,0.9036780378511096,0.7498473309225062
0.4,0.9,0.6000000000000001,0.5,0.9,0.9,0.9,0.6000000000000001,0.8786574253502272,0.9137872889212396,0.7498451872267426
0.7000000000000001,0.6000000000000001,0.7000000000000001,0.9,0.6000000000000001,0.7000000000000001,0.6000000000000001,0.7000000000000001,0.8764457344466187,0.9110143187508633,0.7498246697096296
0.5,0.9,0.8,0.9,0.4,0.9,0.8,0.9,0.8760735291910784,0.9107022490149794,0.7498105599954006
0.6000000000000001,0.4,0.7000000000000001,0.9,0.9,0.7000000000000001,0.6000000000000001,0.9,0.8764598358500724,0.9111412383329334,0.7497943462987029
0.6000000000000001,0.4,0.5,0.6000000000000001,0.8,0.5,0.6000000000000001,0.7000000000000001,0.8728449642028969,0.9066107343914576,0.749753836227578
0.7000000000000001,0.5,0.7000000000000001,0.7000000000000001,0.7000000000000001,0.8,0.5,0.4,0.8752796337150021,0.9096066882194227,0.7495962466960508
0.5,0.5,0.5,0.4,0.9,0.5,0.7000000000000001,0.8,0.8747930618341451,0.9090109743274065,0.7495343752529802
0.8,0.9,0.8,0.7000000000000001,0.4,0.4,0.8,0.8,0.8755889412295756,0.9101745750568198,0.7494864968019525
0.4,0.8,0.6000000000000001,0.9,0.8,0.8,0.5,0.9,0.8780708798973825,0.9131468651252422,0.7494598491598539
0.4,0.7000000000000001,0.7000000000000001,0.7000000000000001,0.7000000000000001,0.8,0.8,0.9,0.876980513468925,0.9117813917817094,0.7494433160885648
0.9,0.9,0.8,0.7000000000000001,0.4,0.4,0.5,0.6000000000000001,0.8756637916946689,0.9102874928150251,0.7494109037156975
0.6000000000000001,0.9,0.4,0.5,0.5,0.6000000000000001,0.8,0.8,0.8754347213979979,0.9098598816259007,0.7493626941115321
0.8,0.8,0.7000000000000001,0.4,0.6000000000000001,0.5,0.8,0.6000000000000001,0.8762489905690984,0.9108862610519458,0.7493483824865401
0.7000000000000001,0.4,0.4,0.4,0.9,0.8,0.5,0.8,0.8745330356583795,0.9088358229298159,0.7493350118260825
0.9,0.8,0.7000000000000001,0.5,0.8,0.6000000000000001,0.4,0.8,0.877157482625127,0.9120369381100253,0.749310292877195
0.4,0.5,0.6000000000000001,0.6000000000000001,0.8,0.9,0.9,0.7000000000000001,0.874756378579151,0.9090277602448291,0.7492829205947825
0.7000000000000001,0.4,0.6000000000000001,0.9,0.5,0.6000000000000001,0.6000000000000001,0.7000000000000001,0.8733700800032951,0.9073900533755048,0.749274946995829
0.8,0.4,0.8,0.6000000000000001,0.7000000000000001,0.4,0.8,0.7000000000000001,0.8732717461827029,0.9072918417018168,0.7491737262017513
0.4,0.7000000000000001,0.4,0.8,0.6000000000000001,0.4,0.4,0.5,0.8730787758588584,0.9069536457383934,0.749150447879544
0.6000000000000001,0.9,0.4,0.9,0.7000000000000001,0.4,0.9,0.7000000000000001,0.8772761315202383,0.9122342955029309,0.74911700165662
0.7000000000000001,0.6000000000000001,0.9,0.9,0.8,0.6000000000000001,0.4,0.9,0.8766531357764404,0.9114627145859027,0.749073151587601
0.6000000000000001,0.5,0.4,0.4,0.5,0.8,0.4,0.6000000000000001,0.8715565772818605,0.9050616312756303,0.7490703860510459
0.9,0.8,0.9,0.5,0.8,0.5,0.5,0.7000000000000001,0.87683262360693,0.9116897154728896,0.7490669649440648
0.7000000000000001,0.7000000000000001,0.9,0.4,0.6000000000000001,0.6000000000000001,0.9,0.9,0.8767132023864251,0.9115825164552545,0.7488957421993853
0.9,0.6000000000000001,0.8,0.7000000000000001,0.9,0.4,0.8,0.5,0.8766408712834924,0.9115066599073489,0.7488357487031031
0.4,0.6000000000000001,0.4,0.8,0.5,0.6000000000000001,0.8,0.6000000000000001,0.873872530510065,0.908032526627072,0.7488230574504031
0.6000000000000001,0.4,0.6000000000000001,0.9,0.8,0.9,0.4,0.8,0.8733783685223421,0.9075157448402096,0.7488138258912458
0.4,0.5,0.6000000000000001,0.4,0.5,0.5,0.8,0.9,0.8713847360495743,0.9049223076961119,0.7487642829581199
0.5,0.8,0.4,0.7000000000000001,0.7000000000000001,0.7000000000000001,0.7000000000000001,0.6000000000000001,0.8770342289666437,0.9120247494407978,0.7487397730748961
0.4,0.9,0.5,0.4,0.8,0.8,0.5,0.5,0.876990814790005,0.9119734596354708,0.7487268025306538
0.4,0.9,0.4,0.5,0.4,0.5,0.4,0.8,0.8718854891280016,0.9057213205999779,0.7486919260214113
0.7000000000000001,0.9,0.6000000000000001,0.9,0.9,0.8,0.5,0.8,0.8813845294111742,0.9175024301960627,0.7486866571653797
0.5,0.4,0.9,0.9,0.7000000000000001,0.7000000000000001,0.6000000000000001,0.4,0.8734734943508319,0.9076732223355862,0.7486618651943465
0.6000000000000001,0.5,0.6000000000000001,0.6000000000000001,0.9,0.7000000000000001,0.8,0.4,0.8764206388333637,0.911277017744813,0.7486477835794298
0.6000000000000001,0.9,0.4,0.4,0.7000000000000001,0.5,0.5,0.6000000000000001,0.8766500954986294,0.9115687358492858,0.7486337909918972
0.9,0.7000000000000001,0.8,0.4,0.8,0.8,0.5,0.6000000000000001,0.8779011439198875,0.9131404098683339,0.7486328503981228
0.6000000000000001,0.5,0.6000000000000001,0.8,0.6000000000000001,0.8,0.4,0.6000000000000001,0.8740991787547454,0.9083682274744389,0.7486190232903062
0.4,0.6000000000000001,0.7000000000000001,0.9,0.5,0.7000000000000001,0.7000000000000001,0.9,0.8744597817631723,0.9088226122317031,0.7486132944987103
0.5,0.9,0.5,0.8,0.6000000000000001,0.4,0.9,0.5,0.875538842301249,0.9101808643071189,0.7486019074371413
0.6000000000000001,0.4,0.4,0.8,0.8,0.9,0.7000000000000001,0.7000000000000001,0.8734600093912112,0.9076883907373711,0.7485334378876498
0.5,0.4,0.5,0.7000000000000001,0.9,0.8,0.4,0.6000000000000001,0.8737478738036789,0.9080644763399139,0.7484754386230478
0.7000000000000001,0.7000000000000001,0.9,0.8,0.7000000000000001,0.9,0.6000000000000001,0.4,0.8774461452830186,0.9126137647241906,0.7484533402626228
0.6000000000000001,0.7000000000000001,0.9,0.7000000000000001,0.5,0.9,0.5,0.9,0.8753638754076529,0.9100012497993843,0.7484412635148884
0.5,0.5,0.6000000000000001,0.7000000000000001,0.5,0.5,0.6000000000000001,0.4,0.8713529689700398,0.9049705882361148,0.7484115505936175
0.4,0.4,0.4,0.6000000000000001,0.8,0.6000000000000001,0.7000000000000001,0.4,0.8717755226157992,0.9056056826797747,0.7484007511976717
0.6000000000000001,0.5,0.5,0.4,0.9,0.7000000000000001,0.7000000000000001,0.8,0.8762134150496445,0.9110854364746918,0.7483729355026895
0.7000000000000001,0.7000000000000001,0.5,0.6000000000000001,0.9,0.5,0.4,0.6000000000000001,0.8773858607573509,0.9125658783876878,0.7483419926260111
0.5,0.5,0.5,0.4,0.6000000000000001,0.4,0.8,0.9,0.8713079901290914,0.9049323599029336,0.748338472676699
0.9,0.6000000000000001,0.6000000000000001,0.4,0.8,0.4,0.8,0.6000000000000001,0.8746682193666584,0.9091589683332107,0.7483151419540991
0.5,0.5,0.6000000000000001,0.4,0.6000000000000001,0.6000000000000001,0.9,0.5,0.8727975211529213,0.9068152004210367,0.7482910957484088
0.5,0.4,0.9,0.9,0.7000000000000001,0.5,0.6000000000000001,0.9,0.8729451758596098,0.9071086437186735,0.7482657013890285
0.5,0.5,0.5,0.8,0.9,0.8,0.6000000000000001,0.6000000000000001,0.8768042280129307,0.9118589792819165,0.7482472391624979
0.5,0.9,0.4,0.4,0.4,0.9,0.5,0.7000000000000001,0.8741791631246009,0.908714185941214,0.7482447779076731
0.6000000000000001,0.6000000000000001,0.4,0.4,0.6000000000000001,0.6000000000000001,0.8,0.8,0.8735861350623451,0.9078191318381098,0.7482376741128305
0.6000000000000001,0.7000000000000001,0.5,0.5,0.4,0.6000000000000001,0.9,0.6000000000000001,0.8735833136679094,0.9079867370777787,0.748160793164379
0.4,0.9,0.6000000000000001,0.7000000000000001,0.8,0.9,0.4,0.4,0.8759985737627932,0.9108710245252877,0.7481511368346632
0.5,0.9,0.5,0.6000000000000001,0.5,0.6000000000000001,0.5,0.8,0.8761755240520864,0.911095573740737,0.7481420072800469
0.7000000000000001,0.7000000000000001,0.5,0.7000000000000001,0.6000000000000001,0.4,0.8,0.4,0.8739993766818049,0.908377890258309,0.7480789275932234
0.4,0.6000000000000001,0.5,0.7000000000000001,0.9,0.4,0.9,0.9,0.8751941191044867,0.9098824643219847,0.7480634835110183
0.4,0.6000000000000001,0.5,0.8,0.5,0.5,0.5,0.7000000000000001,0.8729626247272415,0.9070853989686973,0.7480398463458134
0.6000000000000001,0.9,0.4,0.6000000000000001,0.8,0.8,0.6000000000000001,0.5,0.8773064874560699,0.912558153626471,0.7479740892302961
0.5,0.9,0.5,0.4,0.6000000000000001,0.5,0.5,0.8,0.8752701466374598,0.9100122899550831,0.7479261729735627
0.9,0.7000000000000001,0.7000000000000001,0.8,0.6000000000000001,0.4,0.8,0.6000000000000001,0.8760992005029233,0.9110553395543269,0.7479194647298921
0.7000000000000001,0.8,0.5,0.4,0.7000000000000001,0.7000000000000001,0.6000000000000001,0.5,0.8773626185418697,0.9126446666564001,0.7479100615904515
0.6000000000000001,0.9,0.9,0.7000000000000001,0.7000000000000001,0.8,0.9,0.9,0.8785722491328596,0.9141660751557252,0.7479020837332464
0.8,0.9,0.9,0.4,0.9,0.4,0.7000000000000001,0.9,0.8791457263876314,0.9148898023802761,0.7478885483590187
0.7000000000000001,0.9,0.6000000000000001,0.5,0.5,0.9,0.7000000000000001,0.5,0.8752885962035191,0.9100501550487119,0.7478674104187591
0.5,0.6000000000000001,0.5,0.6000000000000001,0.9,0.6000000000000001,0.9,0.8,0.8768976098206217,0.9120888176641997,0.7477970722768844
0.6000000000000001,0.6000000000000001,0.4,0.7000000000000001,0.9,0.8,0.9,0.6000000000000001,0.8767223818953759,0.9118836046971842,0.7477375106668832
0.6000000000000001,0.5,0.6000000000000001,0.4,0.4,0.8,0.6000000000000001,0.9,0.8719045821076499,0.9059852452012908,0.7477321581968325
0.8,0.8,0.9,0.4,0.4,0.5,0.4,0.4,0.8728940913793591,0.9072299618647547,0.7477249722740029
0.7000000000000001,0.7000000000000001,0.6000000000000001,0.5,0.4,0.7000000000000001,0.5,0.5,0.8738186123201297,0.9083920041011116,0.7477219573236673
0.5,0.5,0.4,0.6000000000000001,0.8,0.7000000000000001,0.4,0.8,0.8735455364864372,0.9078979158711867,0.747718554891814
0.6000000000000001,0.8,0.5,0.7000000000000001,0.8,0.7000000000000001,0.8,0.9,0.8776127270559697,0.9130079651875994,0.7477135102438148
0.4,0.8,0.4,0.7000000000000001,0.4,0.7000000000000001,0.9,0.4,0.8731846693081342,0.9076057331586961,0.7476818640086689
0.9,0.5,0.7000000000000001,0.4,0.8,0.8,0.6000000000000001,0.6000000000000001,0.8752348815888309,0.9100395718435733,0.7476398600533194
0.8,0.8,0.8,0.5,0.9,0.7000000000000001,0.7000000000000001,0.4,0.8783469847560712,0.9139611370755634,0.7475900199168601
0.5,0.4,0.5,0.7000000000000001,0.8,0.8,0.8,0.4,0.8719433241764079,0.9060235524934642,0.7475723724669484
0.8,0.9,0.7000000000000001,0.5,0.8,0.6000000000000001,0.8,0.7000000000000001,0.8781528413355869,0.913729294358152,0.7475419384787066
0.4,0.8,0.5,0.6000000000000001,0.7000000000000001,0.8,0.9,0.5,0.87627844994345,0.9113756085798306,0.747539007768084
0.5,0.7000000000000001,0.6000000000000001,0.7000000000000001,0.9,0.7000000000000001,0.9,0.4,0.8778668274299115,0.9133784332812355,0.7475083373090773
0.5,0.6000000000000001,0.4,0.5,0.4,0.7000000000000001,0.5,0.6000000000000001,0.8712437666040022,0.9052219159492774,0.7474652802353383
0.7000000000000001,0.5,0.5,0.6000000000000001,0.4,0.6000000000000001,0.7000000000000001,0.6000000000000001,0.8728793596848254,0.9072768105618867,0.7474635597031842
0.8,0.8,0.7000000000000001,0.5,0.7000000000000001,0.4,0.4,0.9,0.8749798726679102,0.9097670685315642,0.7474486089669742
0.4,0.7000000000000001,0.5,0.8,0.7000000000000001,0.5,0.8,0.6000000000000001,0.8759386607422351,0.9109725291773237,0.7474440918305453
0.4,0.4,0.4,0.9,0.8,0.6000000000000001,0.7000000000000001,0.5,0.8725291716403774,0.9067952053127369,0.7474292874722409
0.5,0.9,0.5,0.8,0.8,0.9,0.9,0.7000000000000001,0.8779805995033059,0.913542724009945,0.7474228096898299
0.4,0.4,0.6000000000000001,0.7000000000000001,0.7000000000000001,0.9,0.5,0.8,0.8726671640127485,0.9069715032092629,0.7474174234156111
0.8,0.9,0.8,0.4,0.4,0.5,0.8,0.5,0.8746921029836444,0.9095653825831082,0.7474172013635844
0.5,0.8,0.6000000000000001,0.8,0.6000000000000001,0.9,0.6000000000000001,0.9,0.8762750838502724,0.9114037073040794,0.7474097003053678
0.9,0.6000000000000001,0.7000000000000001,0.4,0.7000000000000001,0.4,0.6000000000000001,0.4,0.873592986886751,0.9080351378064572,0.7474080764791386
0.6000000000000001,0.7000000000000001,0.6000000000000001,0.8,0.7000000000000001,0.6000000000000001,0.9,0.5,0.8776180270182501,0.9130949691119021,0.7473921236253793
0.4,0.4,0.6000000000000001,0.7000000000000001,0.4,0.6000000000000001,0.7000000000000001,0.9,0.8704678914219385,0.9043621650823422,0.7473870814735332
0.6000000000000001,0.5,0.6000000000000001,0.9,0.6000000000000001,0.8,0.4,0.7000000000000001,0.8737013453694767,0.9081776957080541,0.7473822801762026
0.4,0.7000000000000001,0.4,0.9,0.5,0.6000000000000001,0.5,0.7000000000000001,0.8747771043966638,0.9095291792639162,0.7473813791137424
0.7000000000000001,0.9,0.4,0.7000000000000001,0.9,0.9,0.8,0.7000000000000001,0.8793861778121674,0.915326268084509,0.7473508073336583
0.6000000000000001,0.5,0.8,0.9,0.7000000000000001,0.7000000000000001,0.9,0.9,0.876009935995345,0.911098215738271,0.747299460273112
0.4,0.7000000000000001,0.4,0.5,0.4,0.6000000000000001,0.6000000000000001,0.4,0.8714519998063099,0.9055305288624428,0.7472770734528096
0.8,0.8,0.7000000000000001,0.4,0.5,0.9,0.4,0.5,0.8745688594029117,0.9093021528072784,0.747243180825345
0.8,0.8,0.7000000000000001,0.8,0.9,0.8,0.7000000000000001,0.5,0.8801254459397614,0.9162952600779237,0.7471892109279102
0.8,0.4,0.9,0.6000000000000001,0.6000000000000001,0.4,0.5,0.7000000000000001,0.871629757281534,0.9057442902264564,0.7471139390875643
0.6000000000000001,0.6000000000000001,0.5,0.4,0.6000000000000001,0.8,0.6000000000000001,0.8,0.8735393068403261,0.9080464529665861,0.7470931063370743
0.5,0.9,0.4,0.7000000000000001,0.4,0.7000000000000001,0.4,0.7000000000000001,0.8739529600908471,0.9087179947020341,0.7470930105484594
0.9,0.9,0.9,0.8,0.6000000000000001,0.4,0.8,0.8,0.877212632771966,0.9126668189992263,0.747067865180118
0.4,0.7000000000000001,0.5,0.4,0.7000000000000001,0.9,0.8,0.6000000000000001,0.8755207882480973,0.9105424459111209,0.7470648704126142
0.9,0.5,0.8,0.5,0.9,0.6000000000000001,0.4,0.7000000000000001,0.875671047536296,0.910737581375511,0.7470392898567362
0.4,0.7000000000000001,0.6000000000000001,0.5,0.9,0.9,0.6000000000000001,0.9,0.8766640724498507,0.9120056424548589,0.746956390226959
0.6000000000000001,0.4,0.4,0.5,0.5,0.7000000000000001,0.4,0.5,0.8688450906939412,0.9022963898919845,0.7469142887902284
0.9,0.5,0.8,0.4,0.4,0.8,0.5,0.8,0.8725016735567761,0.9069417231801482,0.746906266733108
0.4,0.7000000000000001,0.4,0.7000000000000001,0.9,0.9,0.9,0.7000000000000001,0.8770949511869113,0.9125594593858589,0.7469060254257522
0.4,0.7000000000000001,0.5,0.4,0.9,0.5,0.7000000000000001,0.9,0.8764586551665506,0.9117608788412185,0.74690334808738
0.5,0.5,0.4,0.7000000000000001,0.5,0.7000000000000001,0.6000000000000001,0.7000000000000001,0.8723598178586973,0.9066143454963014,0.7468953232861271
0.8,0.8,0.8,0.6000000000000001,0.8,0.5,0.5,0.9,0.8771895131901793,0.9126816232371665,0.7468924864271852
0.5,0.6000000000000001,0.4,0.6000000000000001,0.5,0.6000000000000001,0.7000000000000001,0.4,0.8720109983384207,0.9061977580084376,0.7468090678430209
0.8,0.6000000000000001,0.8,0.9,0.6000000000000001,0.4,0.8,0.8,0.8743219221740264,0.9091146827236783,0.7467523521560763
0.4,0.9,0.4,0.4,0.4,0.9,0.7000000000000001,0.4,0.8727820097610474,0.9073482276394785,0.7466887673855419
0.4,0.5,0.4,0.6000000000000001,0.5,0.8,0.7000000000000001,0.5,0.8713929997290017,0.9054576099656367,0.7466645938303154
0.8,0.4,0.8,0.8,0.8,0.5,0.8,0.5,0.873295303494368,0.9079505346467724,0.7466573155488305
0.7000000000000001,0.5,0.5,0.7000000000000001,0.5,0.8,0.4,0.6000000000000001,0.8724957483724479,0.9068482010246705,0.7466428691197882
0.4,0.5,0.4,0.8,0.4,0.7000000000000001,0.9,0.6000000000000001,0.8720104634388072,0.9063925551120435,0.7466349076810983
0.9,0.8,0.7000000000000001,0.9,0.8,0.8,0.9,0.8,0.8788043405120022,0.914798532724645,0.7465383711186259
0.5,0.8,0.5,0.8,0.6000000000000001,0.8,0.8,0.9,0.8760099159143726,0.9112895070433272,0.7465341941582456
0.5,0.8,0.5,0.8,0.7000000000000001,0.9,0.4,0.4,0.8753181895170068,0.9104208932238368,0.7465331460738328
0.8,0.5,0.8,0.4,0.4,0.5,0.8,0.4,0.8704688513510188,0.9044825128429889,0.7465294160235518
0.4,0.8,0.5,0.5,0.7000000000000001,0.8,0.4,0.9,0.8744963187379846,0.9093901979193786,0.7465265277677979
0.7000000000000001,0.6000000000000001,0.6000000000000001,0.6000000000000001,0.5,0.5,0.5,0.9,0.87319461940366,0.90777039340854,0.7464655003752776
0.4,0.7000000000000001,0.4,0.5,0.9,0.9,0.4,0.4,0.8741630513749324,0.9090015575344368,0.7464066240200344
0.5,0.5,0.5,0.9,0.5,0.5,0.5,0.8,0.8719796288232505,0.9062614719721562,0.7463965993021705
0.8,0.6000000000000001,0.7000000000000001,0.5,0.7000000000000001,0.4,0.8,0.4,0.8728822178400888,0.9073964275004689,0.7463917366393746
0.8,0.7000000000000001,0.6000000000000001,0.5,0.8,0.4,0.6000000000000001,0.8,0.8751392959290553,0.9102354796418525,0.7463759692037697
0.5,0.9,0.4,0.6000000000000001,0.6000000000000001,0.7000000000000001,0.4,0.7000000000000001,0.8751402785852604,0.9102474131989096,0.7463331722237909
0.6000000000000001,0.9,0.4,0.7000000000000001,0.4,0.7000000000000001,0.9,0.8,0.8750846629185762,0.9103301353283018,0.7463305646900269
0.5,0.6000000000000001,0.4,0.4,0.9,0.8,0.5,0.9,0.8751211385323711,0.910225553818476,0.7463244426505206
0.4,0.6000000000000001,0.4,0.6000000000000001,0.4,0.9,0.6000000000000001,0.8,0.8713039566148423,0.9055856563780086,0.7463127366236589
0.5,0.9,0.4,0.9,0.7000000000000001,0.6000000000000001,0.8,0.8,0.8776581435913897,0.9134192635859766,0.7462965070477819
0.4,0.4,0.4,0.4,0.9,0.7000000000000001,0.5,0.9,0.8729766068868171,0.9076413466735129,0.7462928113161259
0.8,0.5,0.7000000000000001,0.4,0.4,0.6000000000000001,0.9,0.7000000000000001,0.8724501293632574,0.9070310646545926,0.7462899226922862
0.9,0.8,0.8,0.7000000000000001,0.6000000000000001,0.5,0.7000000000000001,0.5,0.8754971122939462,0.9107087607823098,0.7462806536948078
0.5,0.5,0.6000000000000001,0.6000000000000001,0.6000000000000001,0.6000000000000001,0.8,0.9,0.8733363251866463,0.9079972421367434,0.7462700906160044
0.6000000000000001,0.6000000000000001,0.4,0.7000000000000001,0.6000000000000001,0.8,0.8,0.8,0.873591380506254,0.9083238184381476,0.7462452828698805
0.5,0.4,0.4,0.5,0.5,0.9,0.4,0.4,0.8672183834521945,0.9004271243609631,0.7462181389191974
0.4,0.6000000000000001,0.6000000000000001,0.7000000000000001,0.7000000000000001,0.9,0.8,0.5,0.874153218992462,0.909040822705462,0.7462001616093754
0.4,0.9,0.5,0.5,0.4,0.8,0.9,0.4,0.8726117511763157,0.9072574398223686,0.7461964730819148
0.9,0.5,0.9,0.4,0.9,0.7000000000000001,0.8,0.6000000000000001,0.8767736222656846,0.9123335097053873,0.746195342250743
0.9,0.8,0.8,0.6000000000000001,0.9,0.8,0.6000000000000001,0.9,0.8797163059093123,0.9160333660318228,0.7461811079349353
0.9,0.8,0.9,0.9,0.9,0.8,0.5,0.8,0.8804331447789788,0.9169409232828165,0.7461525571541626
0.4,0.7000000000000001,0.5,0.7000000000000001,0.6000000000000001,0.5,0.9,0.7000000000000001,0.8737915724931297,0.9085989820065076,0.7461504712622049
0.5,0.9,0.5,0.5,0.8,0.8,0.4,0.9,0.8752997155509012,0.9104976823918134,0.74613316898686
0.8,0.4,0.9,0.5,0.5,0.5,0.8,0.6000000000000001,0.8701131555891313,0.9040981694257854,0.7460784235430533
0.9,0.8,0.7000000000000001,0.5,0.5,0.7000000000000001,0.7000000000000001,0.4,0.8746034779386541,0.9096369506899699,0.7460779263278207
0.4,0.7000000000000001,0.4,0.6000000000000001,0.9,0.5,0.7000000000000001,0.9,0.876141779962954,0.911572368903102,0.7460652831583596
0.8,0.9,0.7000000000000001,0.8,0.6000000000000001,0.4,0.7000000000000001,0.4,0.8759248817806843,0.9113004773159271,0.7460630683961434
0.6000000000000001,0.6000000000000001,0.5,0.5,0.9,0.7000000000000001,0.9,0.5,0.875456623187117,0.9107138535507959,0.7460568495475258
0.8,0.5,0.9,0.7000000000000001,0.4,0.4,0.8,0.4,0.8707402441245391,0.9049545719853708,0.7460047626575637
0.6000000000000001,0.5,0.5,0.4,0.6000000000000001,0.6000000000000001,0.9,0.5,0.8723939491256976,0.906881991074919,0.7459962297765852
0.7000000000000001,0.6000000000000001,0.6000000000000001,0.8,0.5,0.8,0.4,0.9,0.8738903896363184,0.9087652645003518,0.7459818371769972
0.8,0.4,0.9,0.4,0.4,0.6000000000000001,0.9,0.7000000000000001,0.8708384814850972,0.9051939690908519,0.745921854537316
0.8,0.6000000000000001,0.8,0.6000000000000001,0.4,0.5,0.5,0.7000000000000001,0.8725396713564435,0.9072387893047389,0.7459089180086853
0.7000000000000001,0.4,0.4,0.5,0.4,0.9,0.7000000000000001,0.5,0.8684378936234646,0.9021822772509663,0.7459071316652409
0.4,0.4,0.4,0.7000000000000001,0.6000000000000001,0.9,0.7000000000000001,0.6000000000000001,0.8703183866516876,0.9044004924741843,0.7459002922979118
0.7000000000000001,0.6000000000000001,0.5,0.4,0.9,0.6000000000000001,0.5,0.9,0.8765189256353607,0.9120900922113815,0.7458893169622127
0.5,0.5,0.5,0.7000000000000001,0.6000000000000001,0.6000000000000001,0.9,0.6000000000000001,0.8730442471203197,0.9077295588767755,0.7458733094689677
0.9,0.6000000000000001,0.8,0.7000000000000001,0.8,0.7000000000000001,0.8,0.6000000000000001,0.876494463201969,0.9120651969262351,0.7458659892911225
0.8,0.8,0.8,0.7000000000000001,0.7000000000000001,0.8,0.8,0.4,0.8770679990644891,0.9127876965742939,0.7458576586910609
0.9,0.7000000000000001,0.8,0.7000000000000001,0.4,0.5,0.8,0.8,0.873984385658709,0.909066928677574,0.7458551689628728
0.5,0.7000000000000001,0.4,0.5,0.6000000000000001,0.9,0.9,0.6000000000000001,0.8730193818607639,0.9077100924856858,0.7458262422658017
0.4,0.9,0.4,0.9,0.6000000000000001,0.5,0.4,0.8,0.8742197799902895,0.909220867706836,0.7458144100319877
0.4,0.5,0.5,0.4,0.9,0.7000000000000001,0.8,0.9,0.8748863321423404,0.9100640512155225,0.7457906941270585
0.5,0.5,0.4,0.7000000000000001,0.9,0.7000000000000001,0.6000000000000001,0.4,0.8745491401404347,0.9096469912493215,0.7457647497871664
0.7000000000000001,0.9,0.5,0.7000000000000001,0.7000000000000001,0.4,0.9,0.9,0.8766828089822417,0.9123283478597184,0.7457597082580717
0.6000000000000001,0.9,0.5,0.9,0.5,0.9,0.5,0.7000000000000001,0.8760899760981959,0.911593754518812,0.745719457862834
0.6000000000000001,0.6000000000000001,0.4,0.8,0.6000000000000001,0.6000000000000001,0.7000000000000001,0.5,0.8738727528250967,0.9088087367621939,0.7457193339073939
0.7000000000000001,0.5,0.4,0.5,0.6000000000000001,0.7000000000000001,0.5,0.6000000000000001,0.872455280430356,0.9070285320997522,0.7457182180860229
0.7000000000000001,0.5,0.4,0.5,0.6000000000000001,0.7000000000000001,0.4,0.6000000000000001,0.871635690125949,0.9059990467173874,0.7457182180860229
0.7000000000000001,0.6000000000000001,0.4,0.9,0.9,0.7000000000000001,0.7000000000000001,0.8,0.8774866937836591,0.913357919497159,0.7456804526617725
0.5,0.7000000000000001,0.4,0.9,0.6000000000000001,0.8,0.6000000000000001,0.6000000000000001,0.8749024839626507,0.9101157607298153,0.7456650091182757
0.4,0.5,0.6000000000000001,0.7000000000000001,0.9,0.7000000000000001,0.9,0.9,0.8759398082412984,0.9114310421021656,0.745615805614275
0.7000000000000001,0.4,0.4,0.9,0.6000000000000001,0.5,0.7000000000000001,0.8,0.8712072394359454,0.9055917439340401,0.7456012297159784
0.8,0.7000000000000001,0.9,0.4,0.5,0.7000000000000001,0.7000000000000001,0.7000000000000001,0.8756358945376683,0.9110537024654517,0.7455981831136229
0.9,0.4,0.7000000000000001,0.9,0.8,0.5,0.5,0.7000000000000001,0.8734667234348115,0.9084401692345221,0.7455600578742066
0.8,0.7000000000000001,0.8,0.8,0.9,0.5,0.6000000000000001,0.5,0.8783140729311204,0.9144411490872837,0.7455046100177866
0.9,0.6000000000000001,0.9,0.6000000000000001,0.6000000000000001,0.4,0.8,0.5,0.8731219630186742,0.9079229616564422,0.7454901733517891
0.4,0.7000000000000001,0.4,0.8,0.7000000000000001,0.5,0.9,0.5,0.8746308169106056,0.9098196716031255,0.7454844043391496
0.8,0.8,0.9,0.6000000000000001,0.5,0.6000000000000001,0.9,0.4,0.8754503322296954,0.910872149529649,0.745392057407019
0.7000000000000001,0.7000000000000001,0.4,0.5,0.6000000000000001,0.5,0.9,0.5,0.8726853841774518,0.9074025906104679,0.7453781150651545
0.8,0.4,0.6000000000000001,0.7000000000000001,0.4,0.4,0.8,0.6000000000000001,0.8697342109989167,0.9039441311679867,0.7453729203713833
0.4,0.7000000000000001,0.4,0.7000000000000001,0.5,0.9,0.6000000000000001,0.5,0.8727877622225456,0.9075367644745075,0.7453558068599542
0.8,0.4,0.9,0.5,0.5,0.5,0.7000000000000001,0.8,0.8699673764045558,0.9040981694257854,0.7453459720303077
0.7000000000000001,0.5,0.4,0.4,0.6000000000000001,0.9,0.9,0.8,0.8721811492037165,0.906797861072438,0.7452635599346032
0.6000000000000001,0.8,0.5,0.9,0.6000000000000001,0.5,0.4,0.9,0.8743143122324738,0.9094776963516299,0.745262062328177
0.5,0.5,0.6000000000000001,0.9,0.4,0.8,0.5,0.9,0.872071039275177,0.9068188888081864,0.7452339295377993
0.4,0.4,0.4,0.9,0.5,0.7000000000000001,0.4,0.5,0.8694350878865373,0.90346527736145,0.7452031150507781
0.6000000000000001,0.4,0.6000000000000001,0.9,0.7000000000000001,0.9,0.5,0.4,0.8724304987660986,0.9072286734427981,0.7451996439251328
0.9,0.9,0.7000000000000001,0.7000000000000001,0.8,0.5,0.9,0.8,0.877694713866499,0.9137404966408204,0.745195318161883
0.8,0.9,0.8,0.6000000000000001,0.4,0.5,0.6000000000000001,0.5,0.8744652129505793,0.9098422131511956,0.7451698950226614
0.5,0.9,0.4,0.4,0.5,0.7000000000000001,0.9,0.9,0.8747916541959811,0.9101036175726281,0.7451567297486366
0.8,0.8,0.6000000000000001,0.5,0.5,0.6000000000000001,0.6000000000000001,0.6000000000000001,0.8750777292748608,0.9104660658955351,0.7451442892923552
0.9,0.4,0.7000000000000001,0.5,0.7000000000000001,0.6000000000000001,0.8,0.8,0.8728126493462245,0.9077377958014454,0.7450832281370278
0.8,0.8,0.7000000000000001,0.6000000000000001,0.7000000000000001,0.9,0.5,0.8,0.8774349349846455,0.9134495522480979,0.7450538652532174
0.9,0.4,0.6000000000000001,0.7000000000000001,0.4,0.4,0.7000000000000001,0.7000000000000001,0.8697592336272381,0.904057048926192,0.745046972788177
0.8,0.8,0.4,0.7000000000000001,0.9,0.4,0.6000000000000001,0.5,0.8768307036446468,0.912692944353754,0.7450444027808423
0.9,0.7000000000000001,0.7000000000000001,0.6000000000000001,0.8,0.8,0.8,0.5,0.8768643660370357,0.9127362173868425,0.745040443644394
0.5,0.7000000000000001,0.6000000000000001,0.9,0.6000000000000001,0.6000000000000001,0.7000000000000001,0.9,0.8756000419564799,0.9111713122007019,0.7449476068134807
0.6000000000000001,0.7000000000000001,0.5,0.7000000000000001,0.4,0.5,0.8,0.9,0.8726273359985292,0.9075945861086955,0.7449261921652881
0.4,0.4,0.5,0.9,0.7000000000000001,0.8,0.9,0.6000000000000001,0.8726107681050543,0.9075266421824598,0.7449135124744096
0.5,0.9,0.4,0.9,0.4,0.9,0.7000000000000001,0.5,0.8736561415014363,0.908977092314341,0.7445652876743878
0.9,0.4,0.8,0.7000000000000001,0.8,0.9,0.8,0.4,0.8724286686017286,0.907418741333916,0.744430176900655
0.8,0.4,0.5,0.6000000000000001,0.8,0.4,0.5,0.7000000000000001,0.871785051563412,0.9066224717215859,0.744381472181848
0.6000000000000001,0.7000000000000001,0.5,0.8,0.7000000000000001,0.7000000000000001,0.4,0.5,0.8758011344180772,0.9115663575473756,0.7443777924289573
0.9,0.5,0.7000000000000001,0.4,0.9,0.5,0.4,0.9,0.8741387545065733,0.9094860217810159,0.7443466900853765
0.9,0.6000000000000001,0.8,0.8,0.8,0.9,0.9,0.8,0.8762649366889438,0.9121586410384638,0.7443389820694464
0.4,0.5,0.6000000000000001,0.7000000000000001,0.6000000000000001,0.7000000000000001,0.6000000000000001,0.9,0.8728259583400868,0.9078473438512591,0.7443054015532772
0.9,0.8,0.5,0.4,0.8,0.8,0.5,0.8,0.8769584559655015,0.9130536939323313,0.7442432819810718
0.4,0.6000000000000001,0.5,0.7000000000000001,0.4,0.9,0.4,0.4,0.8695350201761397,0.9038883560488192,0.7442141109557161
0.4,0.7000000000000001,0.5,0.5,0.7000000000000001,0.5,0.6000000000000001,0.9,0.8733430440610583,0.90852143330741,0.7442070841803836
0.9,0.4,0.8,0.6000000000000001,0.4,0.7000000000000001,0.7000000000000001,0.5,0.8707220837216653,0.9054872344855445,0.7441639651715464
0.8,0.4,0.8,0.9,0.5,0.8,0.8,0.5,0.871679095109695,0.9065658808822984,0.7440754689666633
0.6000000000000001,0.6000000000000001,0.4,0.7000000000000001,0.7000000000000001,0.7000000000000001,0.4,0.5,0.8732861043339305,0.9084936335757225,0.7440321956976613
0.9,0.6000000000000001,0.4,0.5,0.8,0.4,0.5,0.8,0.8725701178151413,0.9075947190922123,0.744030457951933
0.7000000000000001,0.5,0.5,0.9,0.6000000000000001,0.8,0.9,0.6000000000000001,0.8738261266658373,0.909185331438482,0.7439786871825466
0.9,0.4,0.7000000000000001,0.6000000000000001,0.8,0.9,0.6000000000000001,0.5,0.8726912561386878,0.907870873737366,0.7439409895457234
0.9,0.4,0.7000000000000001,0.7000000000000001,0.4,0.8,0.9,0.6000000000000001,0.8708736619863463,0.9057335591405236,0.7439402549058816
0.8,0.4,0.7000000000000001,0.4,0.6000000000000001,0.9,0.9,0.6000000000000001,0.871142030620458,0.9059295601037879,0.7439223305006362
0.9,0.5,0.8,0.9,0.6000000000000001,0.6000000000000001,0.8,0.6000000000000001,0.8746162362023631,0.9101957512804449,0.7439068264616293
0.7000000000000001,0.4,0.5,0.7000000000000001,0.7000000000000001,0.7000000000000001,0.5,0.5,0.8726215087679801,0.9078101461651688,0.7438334618255907
0.5,0.5,0.4,0.9,0.7000000000000001,0.7000000000000001,0.9,0.8,0.8740028297985284,0.9094456300112382,0.743825318387482
0.6000000000000001,0.6000000000000001,0.4,0.9,0.5,0.5,0.5,0.9,0.8719565551621837,0.9068842579202779,0.7437895244321285
0.9,0.6000000000000001,0.8,0.6000000000000001,0.9,0.6000000000000001,0.8,0.9,0.8773558414560625,0.9136713648087456,0.7437692182572582
0.9,0.7000000000000001,0.6000000000000001,0.5,0.6000000000000001,0.4,0.9,0.6000000000000001,0.8733728008265488,0.9087019529249369,0.7436345153124962
0.8,0.5,0.9,0.6000000000000001,0.6000000000000001,0.6000000000000001,0.8,0.7000000000000001,0.8739408971785799,0.9094234576012988,0.7436028343757912
0.6000000000000001,0.6000000000000001,0.5,0.5,0.7000000000000001,0.8,0.7000000000000001,0.9,0.8733981058900122,0.9087538644087475,0.7435540118912422
0.4,0.9,0.5,0.4,0.7000000000000001,0.9,0.4,0.9,0.8749805138816202,0.9107643690301531,0.7434626286805277
0.6000000000000001,0.9,0.5,0.8,0.7000000000000001,0.8,0.5,0.9,0.8776796271904838,0.9141715903946878,0.7433951417986292
0.8,0.7000000000000001,0.9,0.6000000000000001,0.6000000000000001,0.4,0.4,0.9,0.873476779151988,0.9088928617049499,0.7433933078763584
0.6000000000000001,0.7000000000000001,0.5,0.8,0.6000000000000001,0.8,0.7000000000000001,0.9,0.8752651419673305,0.9111483610797476,0.7433567430591328
0.9,0.6000000000000001,0.9,0.4,0.4,0.7000000000000001,0.4,0.4,0.8709221641423032,0.9058572246505994,0.7433081891590742
0.8,0.6000000000000001,0.8,0.6000000000000001,0.9,0.5,0.5,0.9,0.876011865961902,0.9121037247224681,0.7432871212414638
0.9,0.8,0.4,0.7000000000000001,0.9,0.5,0.8,0.6000000000000001,0.877332800501823,0.913764026015337,0.7432828066852009
0.9,0.6000000000000001,0.8,0.9,0.4,0.9,0.7000000000000001,0.6000000000000001,0.8731884582558267,0.9087219549251879,0.7432360140945212
0.7000000000000001,0.4,0.5,0.7000000000000001,0.7000000000000001,0.9,0.6000000000000001,0.4,0.8714756504426183,0.9065235358780502,0.7432226635832225
0.8,0.8,0.4,0.4,0.6000000000000001,0.5,0.6000000000000001,0.7000000000000001,0.8740410402268703,0.9096451147926994,0.7432193633650144
0.8,0.6000000000000001,0.8,0.8,0.5,0.7000000000000001,0.4,0.4,0.8729208093885257,0.9082603241073481,0.7431300492113211
0.9,0.6000000000000001,0.8,0.6000000000000001,0.6000000000000001,0.5,0.7000000000000001,0.4,0.8724791832823797,0.9077057159432977,0.7431295799683507
0.9,0.8,0.6000000000000001,0.7000000000000001,0.5,0.7000000000000001,0.4,0.7000000000000001,0.8750077846336907,0.9109009013601465,0.7430535182612013
0.5,0.5,0.5,0.7000000000000001,0.6000000000000001,0.8,0.8,0.9,0.8720588242348613,0.9072011040055015,0.7430359798222479
0.4,0.5,0.5,0.6000000000000001,0.7000000000000001,0.9,0.9,0.4,0.8720279295060243,0.9071714268831621,0.7429994611374481
0.9,0.5,0.6000000000000001,0.5,0.8,0.5,0.7000000000000001,0.6000000000000001,0.8728062362232847,0.908150170080336,0.7429950050257209
0.9,0.7000000000000001,0.8,0.8,0.7000000000000001,0.9,0.5,0.8,0.8772469644746007,0.9137327154898396,0.7429767750894388
0.9,0.9,0.6000000000000001,0.4,0.7000000000000001,0.6000000000000001,0.8,0.7000000000000001,0.8778845657193465,0.9145422608210346,0.7429421512382606
0.9,0.7000000000000001,0.6000000000000001,0.9,0.7000000000000001,0.4,0.8,0.7000000000000001,0.8760221927142203,0.9122196330102798,0.7428753737238163
0.4,0.5,0.4,0.8,0.6000000000000001,0.8,0.9,0.9,0.8721463336597421,0.9073528683379163,0.7428686039932094
0.8,0.7000000000000001,0.4,0.6000000000000001,0.5,0.4,0.4,0.8,0.8719951582157858,0.9072074886615569,0.7426905582729153
0.8,0.6000000000000001,0.9,0.7000000000000001,0.5,0.5,0.4,0.5,0.8713795079520678,0.9064451904042428,0.742646484123489
0.7000000000000001,0.7000000000000001,0.4,0.9,0.7000000000000001,0.9,0.8,0.4,0.8750831488266088,0.9111051211446236,0.7426152982389291
0.9,0.4,0.4,0.8,0.4,0.4,0.9,0.7000000000000001,0.8691396394490256,0.903892411912172,0.7425924379000676
0.8,0.9,0.9,0.9,0.5,0.5,0.8,0.4,0.8748419023782514,0.9108245545350839,0.7425254483755848
0.9,0.7000000000000001,0.9,0.5,0.6000000000000001,0.6000000000000001,0.6000000000000001,0.5,0.8742556646730315,0.9100950539089793,0.7424979638732896
0.9,0.4,0.5,0.4,0.9,0.6000000000000001,0.7000000000000001,0.7000000000000001,0.8737484370314185,0.9095672322898611,0.7424672446992183
0.9,0.4,0.7000000000000001,0.9,0.4,0.8,0.7000000000000001,0.4,0.8701395338582428,0.9051894882335412,0.7424279923291941
0.9,0.4,0.9,0.6000000000000001,0.6000000000000001,0.9,0.7000000000000001,0.7000000000000001,0.8716168882231007,0.9069054523118238,0.7424046315744538
0.9,0.4,0.5,0.4,0.9,0.6000000000000001,0.8,0.8,0.8737324039721968,0.9095672322898611,0.7423866883528852
0.7000000000000001,0.6000000000000001,0.5,0.8,0.7000000000000001,0.6000000000000001,0.9,0.9,0.8755281645387235,0.9117310674279132,0.7423474457081031
0.9,0.9,0.8,0.8,0.5,0.7000000000000001,0.6000000000000001,0.9,0.8769744985740812,0.9135786422853452,0.7422240928950503
0.9,0.4,0.4,0.6000000000000001,0.7000000000000001,0.4,0.8,0.8,0.8709360868626147,0.9060955622052123,0.7422235802872389
0.9,0.7000000000000001,0.9,0.8,0.9,0.9,0.7000000000000001,0.4,0.8779056478118908,0.9147628292861717,0.7421658020378128
0.8,0.5,0.5,0.6000000000000001,0.5,0.4,0.9,0.6000000000000001,0.8710904518619474,0.9062245258366476,0.7420768117947301
0.9,0.6000000000000001,0.6000000000000001,0.4,0.7000000000000001,0.6000000000000001,0.6000000000000001,0.7000000000000001,0.8747208543280467,0.9107854444969058,0.7420736958858072
0.8,0.9,0.8,0.9,0.6000000000000001,0.9,0.4,0.8,0.8759923641023217,0.9123856942438522,0.742061258202914
0.8,0.9,0.7000000000000001,0.9,0.7000000000000001,0.7000000000000001,0.5,0.7000000000000001,0.8785567185968819,0.9156411803681027,0.7419236314102873
0.8,0.5,0.9,0.8,0.5,0.7000000000000001,0.5,0.5,0.8732721321096992,0.9090204836733468,0.7418545934000522
0.8,0.6000000000000001,0.8,0.9,0.4,0.7000000000000001,0.6000000000000001,0.4,0.8724821855319459,0.9081900911255575,0.7418148795096425
0.8,0.7000000000000001,0.5,0.4,0.8,0.5,0.9,0.6000000000000001,0.8748716481513377,0.9110425261797926,0.7418030161688421
0.9,0.4,0.9,0.7000000000000001,0.7000000000000001,0.6000000000000001,0.6000000000000001,0.4,0.872354266619148,0.90799340734603,0.7417576882567943
0.9,0.7000000000000001,0.9,0.8,0.4,0.9,0.6000000000000001,0.5,0.8739043192750905,0.910010482613103,0.7416786684640411
0.9,0.5,0.7000000000000001,0.8,0.6000000000000001,0.8,0.5,0.4,0.8731033978666722,0.9088525855805147,0.7416783990869033
0.9,0.7000000000000001,0.6000000000000001,0.4,0.7000000000000001,0.7000000000000001,0.8,0.6000000000000001,0.8764262301775039,0.9130494460844358,0.7415861633158856
0.8,0.8,0.5,0.7000000000000001,0.5,0.6000000000000001,0.9,0.7000000000000001,0.8749560495248738,0.9112270786896779,0.741488871567068
0.9,0.4,0.4,0.9,0.5,0.4,0.9,0.7000000000000001,0.8695628722798775,0.9045549923207559,0.741486293872776
0.8,0.5,0.5,0.9,0.4,0.4,0.8,0.7000000000000001,0.8706519254079557,0.9059747151598179,0.7414804422618209
0.8,0.4,0.4,0.7000000000000001,0.8,0.4,0.8,0.9,0.8706057181145832,0.9058756102802081,0.741443486472756
0.8,0.4,0.9,0.7000000000000001,0.6000000000000001,0.7000000000000001,0.9,0.7000000000000001,0.8719079506166959,0.9075489981287156,0.7412928593576332
0.8,0.6000000000000001,0.6000000000000001,0.8,0.5,0.5,0.4,0.8,0.8720364182709083,0.907669620434475,0.7410493377996625
0.8,0.4,0.4,0.8,0.9,0.6000000000000001,0.8,0.8,0.8742649451556749,0.9106327564124087,0.7408002865894382
0.8,0.9,0.8,0.9,0.6000000000000001,0.9,0.5,0.4,0.8756073855783694,0.9122397700096948,0.7407106727996854
0.9,0.4,0.4,0.4,0.8,0.5,0.9,0.4,0.8693685784863937,0.9045469864460688,0.7405421095310929
0.9,0.4,0.9,0.5,0.6000000000000001,0.8,0.5,0.9,0.8703394601596096,0.9057820579268759,0.7404799120147528
0.9,0.7000000000000001,0.4,0.7000000000000001,0.8,0.6000000000000001,0.7000000000000001,0.6000000000000001,0.8757064463637584,0.9124305708863265,0.740445189336821
0.8,0.5,0.6000000000000001,0.9,0.8,0.8,0.7000000000000001,0.8,0.8747402034253317,0.9112205180580385,0.7404306190569019
0.9,0.6000000000000001,0.6000000000000001,0.6000000000000001,0.5,0.7000000000000001,0.4,0.7000000000000001,0.8724972802183323,0.9084280032331559,0.7403313568773624
0.9,0.9,0.9,0.9,0.6000000000000001,0.9,0.9,0.6000000000000001,0.8765465381491162,0.9135280973844223,0.7402760323147716
0.8,0.5,0.7000000000000001,0.7000000000000001,0.8,0.9,0.9,0.9,0.8737904289352555,0.9100701474259209,0.7402600639035262
0.8,0.9,0.6000000000000001,0.8,0.7000000000000001,0.8,0.4,0.6000000000000001,0.8771220735494649,0.91428857655815,0.7401258300703943
0.9,0.9,0.6000000000000001,0.6000000000000001,0.4,0.7000000000000001,0.9,0.6000000000000001,0.8750319971374392,0.9118250259801086,0.7400863886458672
0.8,0.9,0.6000000000000001,0.6000000000000001,0.5,0.6000000000000001,0.9,0.5,0.8752040254313804,0.9119073443040431,0.7400137368349812
0.9,0.5,0.4,0.6000000000000001,0.5,0.4,0.8,0.9,0.8701698860288303,0.9055905821534755,0.739987304536635
0.8,0.8,0.5,0.5,0.5,0.9,0.6000000000000001,0.5,0.8725091601229792,0.9085552499207674,0.7398820594039228
0.9,0.8,0.5,0.6000000000000001,0.9,0.9,0.7000000000000001,0.4,0.8766906295475275,0.9138262056628438,0.7398075706174949
0.8,0.4,0.4,0.4,0.5,0.9,0.9,0.6000000000000001,0.8688449712124627,0.9040740200389137,0.7398031678809378
0.8,0.9,0.6000000000000001,0.5,0.6000000000000001,0.6000000000000001,0.7000000000000001,0.5,0.874630161695384,0.9112448607255074,0.7397803557926556
0.8,0.6000000000000001,0.6000000000000001,0.7000000000000001,0.9,0.9,0.6000000000000001,0.8,0.8758838530149641,0.9128200746436307,0.739778534555125
0.9,0.8,0.5,0.9,0.6000000000000001,0.8,0.8,0.7000000000000001,0.8755165778053449,0.9123673679381089,0.7397440273971754
0.8,0.7000000000000001,0.6000000000000001,0.5,0.6000000000000001,0.7000000000000001,0.4,0.7000000000000001,0.8731180332164046,0.9093678235110446,0.7396909810731953
0.8,0.4,0.9,0.9,0.5,0.9,0.9,0.4,0.8700254535193723,0.9056001945361304,0.7396296736780084
0.8,0.7000000000000001,0.5,0.6000000000000001,0.9,0.8,0.5,0.6000000000000001,0.8772672643374159,0.9146004359478246,0.7396078876901803
0.8,0.4,0.4,0.7000000000000001,0.8,0.8,0.9,0.6000000000000001,0.8716103590207331,0.9076075755715697,0.739563333274794
0.9,0.9,0.5,0.6000000000000001,0.8,0.7000000000000001,0.6000000000000001,0.7000000000000001,0.8771441097365743,0.9144694912288299,0.7395128897911994
0.8,0.4,0.4,0.7000000000000001,0.8,0.5,0.7000000000000001,0.5,0.8701376327078522,0.9057914297046371,0.7394283650241472
0.9,0.6000000000000001,0.6000000000000001,0.4,0.4,0.9,0.9,0.4,0.8701380092718785,0.9058595058962727,0.7393591640957103
0.9,0.4,0.4,0.7000000000000001,0.8,0.6000000000000001,0.6000000000000001,0.5,0.8713687272174825,0.9073555039664958,0.7393575672202221
0.8,0.7000000000000001,0.9,0.7000000000000001,0.4,0.9,0.4,0.9,0.8721672432323262,0.9084152533596552,0.7393318375556507
0.8,0.7000000000000001,0.4,0.8,0.9,0.7000000000000001,0.7000000000000001,0.7000000000000001,0.877743776535723,0.9152725874647758,0.7393134648626514
0.9,0.8,0.5,0.7000000000000001,0.9,0.5,0.6000000000000001,0.9,0.876733611925086,0.914014524796609,0.7392702543208973
0.8,0.4,0.5,0.6000000000000001,0.8,0.9,0.4,0.7000000000000001,0.8707776808323213,0.9066412306663831,0.7392450127293743
0.9,0.6000000000000001,0.6000000000000001,0.8,0.6000000000000001,0.8,0.9,0.6000000000000001,0.8740142223132369,0.9106347414724021,0.739126112982582
0.8,0.6000000000000001,0.5,0.7000000000000001,0.9,0.8,0.7000000000000001,0.7000000000000001,0.8756619134585715,0.9127158376958867,0.739080371404226
0.9,0.6000000000000001,0.5,0.4,0.9,0.7000000000000001,0.5,0.5,0.874827758371806,0.9116772021857892,0.7390437927647703
0.8,0.6000000000000001,0.4,0.5,0.5,0.5,0.8,0.5,0.8694079084113918,0.9048786378346261,0.7390066089049034
0.9,0.5,0.4,0.4,0.5,0.9,0.8,0.5,0.8698398648296956,0.9054567847649307,0.7388643387976015
0.9,0.5,0.7000000000000001,0.5,0.7000000000000001,0.9,0.9,0.9,0.8724082588401982,0.908688911168337,0.7388404469928427
0.8,0.4,0.5,0.5,0.5,0.9,0.4,0.7000000000000001,0.8677989430013935,0.903017422220091,0.7387739052176857
0.8,0.5,0.4,0.5,0.5,0.6000000000000001,0.8,0.4,0.8694473516182105,0.905003740922289,0.7387043746177795
0.9,0.9,0.4,0.6000000000000001,0.6000000000000001,0.5,0.4,0.6000000000000001,0.8732352386354021,0.9097811663605947,0.7386264954387382
0.8,0.6000000000000001,0.4,0.4,0.8,0.8,0.6000000000000001,0.9,0.8728031029939987,0.9092467623374648,0.7385928934305487
0.9,0.7000000000000001,0.4,0.6000000000000001,0.7000000000000001,0.5,0.8,0.8,0.8740502997379433,0.9108347013950003,0.7385075403529088
0.9,0.6000000000000001,0.5,0.7000000000000001,0.8,0.5,0.7000000000000001,0.5,0.8726678397428703,0.9091140441504484,0.7384441508192855
0.9,0.6000000000000001,0.5,0.7000000000000001,0.5,0.5,0.9,0.7000000000000001,0.87132337491342,0.9074462512976987,0.7383602062579242
0.8,0.4,0.5,0.8,0.8,0.7000000000000001,0.7000000000000001,0.5,0.8721813780177156,0.9086318244066698,0.7383353602119155
0.8,0.9,0.4,0.8,0.7000000000000001,0.8,0.8,0.8,0.8767083335520353,0.914245729942421,0.7382184253267128
0.8,0.7000000000000001,0.6000000000000001,0.9,0.8,0.8,0.8,0.9,0.8760858337090601,0.9134870308710032,0.7381255394745081
0.8,0.6000000000000001,0.5,0.6000000000000001,0.5,0.7000000000000001,0.5,0.7000000000000001,0.872361681717996,0.9088287062672945,0.7380472449586306
0.9,0.9,0.5,0.4,0.4,0.5,0.5,0.9,0.8725761180227799,0.9092549014592683,0.7380275916653313
0.9,0.5,0.5,0.9,0.5,0.5,0.6000000000000001,0.6000000000000001,0.8711247159991722,0.9072816833032697,0.7380203383250293
0.9,0.7000000000000001,0.5,0.9,0.9,0.8,0.6000000000000001,0.8,0.8775646784176552,0.915372729626971,0.7380130373767491
0.8,0.4,0.6000000000000001,0.5,0.6000000000000001,0.5,0.4,0.9,0.8677774871060988,0.9031980312622796,0.7379436662579384
0.9,0.9,0.5,0.5,0.7000000000000001,0.8,0.4,0.8,0.8745604134729529,0.9116249278897255,0.7379096448474699
0.8,0.5,0.5,0.6000000000000001,0.6000000000000001,0.6000000000000001,0.4,0.6000000000000001,0.8713508266435768,0.9076073670673189,0.7378536713846212
0.9,0.6000000000000001,0.5,0.8,0.7000000000000001,0.4,0.5,0.9,0.873173321734772,0.9099069852500912,0.7378121252092944
0.8,0.9,0.4,0.5,0.7000000000000001,0.8,0.8,0.5,0.8743330129103821,0.9113975524980595,0.7376765972460958
0.8,0.6000000000000001,0.6000000000000001,0.9,0.7000000000000001,0.5,0.5,0.5,0.873220647551712,0.9100591317318207,0.7374413226552954
0.8,0.5,0.6000000000000001,0.6000000000000001,0.7000000000000001,0.8,0.9,0.4,0.8725715265566134,0.9092445853573216,0.7374380709584061
0.8,0.5,0.4,0.9,0.9,0.9,0.7000000000000001,0.6000000000000001,0.8744733130205892,0.9116415213429682,0.7374056443714033
0.9,0.4,0.6000000000000001,0.4,0.7000000000000001,0.7000000000000001,0.9,0.9,0.8713711258101963,0.9078633311658818,0.7373383098885077
0.8,0.4,0.5,0.6000000000000001,0.4,0.9,0.8,0.5,0.8680191053192724,0.903831248000627,0.737207092796755
0.8,0.9,0.4,0.4,0.7000000000000001,0.5,0.4,0.9,0.8736153227107457,0.9106246220242459,0.737162363504153
0.9,0.4,0.4,0.8,0.6000000000000001,0.8,0.7000000000000001,0.5,0.8700450704727529,0.9062603514658556,0.7370876091882876
0.9,0.7000000000000001,0.4,0.5,0.6000000000000001,0.8,0.5,0.5,0.8719150329822527,0.9085294951048181,0.736999952058217
0.9,0.7000000000000001,0.4,0.8,0.7000000000000001,0.9,0.7000000000000001,0.6000000000000001,0.8750142999924382,0.9124235182350299,0.7369957864665931
0.8,0.4,0.6000000000000001,0.9,0.8,0.9,0.4,0.9,0.8710761460462316,0.907592201839162,0.7369407337471747
0.8,0.9,0.5,0.5,0.7000000000000001,0.8,0.7000000000000001,0.4,0.8741230048674773,0.9113660858973629,0.7367473012869705
0.9,0.9,0.5,0.8,0.6000000000000001,0.9,0.4,0.7000000000000001,0.87452028282396,0.9118686633119493,0.7367330711172944
0.9,0.9,0.5,0.7000000000000001,0.7000000000000001,0.9,0.6000000000000001,0.6000000000000001,0.8758196785713047,0.9135718804904788,0.7364488737191032
0.9,0.7000000000000001,0.5,0.8,0.7000000000000001,0.5,0.4,0.4,0.8729429240113411,0.9099783941947639,0.7363688813567807
0.9,0.7000000000000001,0.4,0.7000000000000001,0.9,0.5,0.9,0.9,0.8751649423199609,0.9127920434778017,0.7362785713362299
0.8,0.6000000000000001,0.4,0.7000000000000001,0.6000000000000001,0.9,0.8,0.8,0.8715245206381554,0.9082218316913785,0.7362685193001688
0.8,0.9,0.5,0.9,0.5,0.8,0.5,0.4,0.8738653309363696,0.9111785228654415,0.7362028990290909
0.8,0.6000000000000001,0.5,0.7000000000000001,0.5,0.8,0.8,0.9,0.8714061847923215,0.9082596009962914,0.7355228766112045
0.8,0.6000000000000001,0.5,0.4,0.7000000000000001,0.7000000000000001,0.7000000000000001,0.9,0.8727046200501765,0.9099252192264857,0.7353842491323336
0.8,0.4,0.5,0.6000000000000001,0.7000000000000001,0.6000000000000001,0.7000000000000001,0.9,0.871087588203692,0.9079972007308093,0.7353782280448992
0.8,0.5,0.5,0.5,0.7000000000000001,0.9,0.5,0.4,0.8702348114910883,0.9069162622887487,0.7350107948546923
0.8,0.9,0.5,0.5,0.7000000000000001,0.8,0.4,0.9,0.8736941222215613,0.9112638288014675,0.7350014558886325
0.8,0.6000000000000001,0.5,0.6000000000000001,0.6000000000000001,0.9,0.6000000000000001,0.5,0.8711475703342678,0.9080752488982026,0.7349609050435834
0.9,0.6000000000000001,0.5,0.4,0.7000000000000001,0.9,0.4,0.9,0.8712632133397183,0.9082521880272293,0.7348341841158383
0.8,0.4,0.4,0.9,0.9,0.9,0.6000000000000001,0.9,0.8721323206258632,0.9094782301406032,0.734703253795168
0.8,0.7000000000000001,0.5,0.7000000000000001,0.7000000000000001,0.6000000000000001,0.7000000000000001,0.9,0.874533434751462,0.9124270047461389,0.734565785796765
0.9,0.4,0.5,0.7000000000000001,0.7000000000000001,0.8,0.5,0.9,0.8707534611338803,0.9078298449477932,0.7343688663871767
0.9,0.7000000000000001,0.5,0.9,0.6000000000000001,0.7000000000000001,0.8,0.9,0.8736287542525076,0.9117163093415237,0.7328630995424311
